15,501 911 1130 136 888 1119
15,1220 578 1220 1130 1180 1151 996 1173 636 1035 1079 535 163
1,112 1430 467 347 466 439 763 800 1104
10,862 1152 555 767 170
3,818 1248 1122 818 88 1248 111 122 924 1255 1248 111 504 157 1032 204 776
12,588 806 518 1417 668
1,1203 41 513 1189 473 1203 904 111 953 773 251 1122 1248
12,1045 1034 519 783 1045 1442 875 291 87 706
3,1413 800 904 1430 345 904 285 1415 1057 904 1437 1433 860
18,1204 319 556 847 669 1204 185 43 1034 489 695 847 542
8,317 826 898 585 969 761 13 1103
11,1058 1050 872 1215 548 314 1311 481 1313 1068 667
8,1226 960 1226 519 55
18,956 502 164 164 653
15,1394 1396 1107 1240 722 270 122 518 1396 1107 270 917 809 1320
15,93 442 822 132 771 1173
5,893 789 823 557 836 142 224 414 761 517 542
2,797 797 568 1443 18 735 632 495 295 345 624 513 339
18,61 236 236 1431 16 1174 1238 1297 1267 1005 310
13,1073 500 1182 218
12,163 707 1233 1286 291 477 1442 393
15,1209 1209 1130 1442 136 1168
8,419 1416 960 583 123 1080 1416 960 806
1,846 1431 468 1100 701 760 728 203 269 944 568 1047
8,140 532 1135 195 1177 1427 7 1066 753 1427 1314 292
11,410 350 1052 1319 981
17,159 1074 1162 1268 140 84 159 248 725 572 20 159
2,389 49 145 1289
17,864 864 1200 1320 1401 1372 1386
3,630 1165 628 1165 1426 43 761 829 166 459
18,1045 1297 1204 736 1005 330 1297
17,111 1157 1406 18 203 246 385 806
12,463 533 61 1431 1419 684 463 916 533 1154 15 302 1439 1217 534 15 806
9,1413 779 1009 1415 779 1009 1273 53 163 1092 406 937 221 1342
17,1075 265 1016 579 746
0,846 473 624 682 1443 705 81 531
1,876 1381 1380 1332 1262 876 209 1380 1332 1013 171 761
15,1130 1194 1130 1191 929 1425 994 540 572
18,830 607 1404 607 917 533 1384 877 1361 707 917 830 1404 1135 830 108
15,1130 537 591 1425 537 591 1425 531 631 1283 71 531 639 1002 523
1,546 1419 624 546 1158 1267 1428 810 1185 461 1015 15 299
3,717 1248 947 717 1234 1076 621 328
7,109 473 624 109 640 165 126 513 1189 15
1,338 540 1052 1004 1228 573 338 1418 1013 231 1237 1418 1122
10,621
1,967 473 237 968 137 1162 968 678
15,1394 222 222 766 880 1342
9,85 237 492 85 237 492 237 513 1190 94 372 1337 492 406 621
8,97 1319 477 1065 1278 446 890 724
15,1311 722 1415 1130 1311 722 1415 888 1154 761 636 671 639 510 671 898
1,1394 636 1432 1013 527 945 287 445 945 761 1078 1230
3,191 1388 1426 241 1388 1221 1388
7,80 1005 1317 931 1197 306 295 1274 377 744 81 1197 1274 806
2,546 260 972 535 838 838 680 15
15,201 833 833 283 794 797 974 1173 479 636
3,455 246 1415 455 724 1014 1415 621 158
15,314 777 619 1158 748 990 880 13 875 1046 587
5,1336 712 495 589
1,546 573 745 572 806
13,479 666 954 392 666 1300 392 1300 1348
1,1294 1384 70 1344 1240 722 1294 466 1384 70 1344 171 1252 1331 239 473 513 885
7,33 240 1435 1032 446 763 797 311 666
12,1440 740 679 548 518
2,546 171 546 172 546 172 782 599 1339
10,762 724 762 724 1211 13 632 15 936
4,1348 134 48
10,1394 77 525 522 525 1425 111
1,984 1045 1004 466 466 1294 135 627 32 98 795 32 98 642 620 376
2,751 206 728 94 751 88 206 52
9,1382 1415 1244 263 805 1382 1415 163 441 1311
3,1336 61 1219 1219 1431 624 646 262
1,984 758 268 498 984 498 623
1,196 1013 509 1271 1309 533 466 918 64 197 367 958 1015
15,459 822 171 1394 619 459 822 171 1151 761
9,239 944 1240 239 945 239
1,341 341 502 1270 576 743 735 816
2,176 187 176 187 621 782 221
1,499 1068 851 684 1199 963 1069 499
10,293 689 175 1316 412 709 652 11 724 884 182
15,1130 344 1130 1350 433 171 1192 540 257 1173 775 952
9,1000 776 1015 1352 531 531
17,1034 273 273 995 978 18 1076 1286 1286 415 48 443 1311
17,61 672 1431 248 873 1441 248 1222 530 1102
12,132 1419 1337 132 311 238 761 132 242
15,1394 206 1307 206 1154 1078 4
7,824 771 824 1212 1111 1219 1111 1219
6,91
7,940 872 872 507 1281 322 255 1444 1352 1322 166 639 507
18,1229 473 1229 608 1135 534 990 636 830 897
1,513 1384 513 1384 1123 803 1262 824 534 1415
10,1394 855 979 1094 761 1034 1187 1006 927 728
7,535 674 1163 564 377 564 377 266 753 684 1199 761 674 1163 122 15 659 1183
7,1394 1240 406
2,1192 1192 776 702 702 1352 1446
3,1241 761
2,389 1007 16 684 1162 388 601 156 270 899 1283 594
3,1159 1159 1169 467 437 108
18,847 1204 1013 650 391 847 261 847
8,724 1312 1322 678 1031 1352 938
2,482 118 1252 948 735 1185 1004 1111
3,533 466 228 267 112 466 533 466 755 505 940
3,1414 910 59 844 877 1414
10,933 933 1311 1321 410 760 1442 827 906 371
1,533 1276 533 1294 267 1294 467 484 37 467 1354 270 1061 1071 294 1047 533 467
9,1146 491 1146 491 1415 761 622 1349 940 459
12,744 1124 870 1442 743 579 519 1055 433 1279 1302 199
5,1130 136 1321 410 226 115 925 263 406 13 263 1152 204 309
13,573 310 691 313 1331 1317 557
11,661 574 1073 215 383 931 384 1053 216 625 727 579 215 776
8,238 585 1220 1117 978 238 585 1220 518 393 1408 15
0,999 934 894 934 571 445
2,621 851 624 256 621 549 52 1171
17,471 471 309 631 1283 660
15,755 1130 755 1041 824 1130 1056 880 263 823
9,473 338 1214 380 1240 1273 171 868 1011 761 13 513 1159 761
1,546 1195 248 621 931 563 624 978 246 546
3,251 753 629 816 251 818 356 1079 406 1349 15
11,1379 103 5
9,1415 61 1230 1419 904 8 904 513 1190
16,458 702 1078 176
1,718 718 1062 758 474 513 1189 15
2,1186 684 1199 996 250 1186 996 579 1364 1329
10,61 54 413 1398 405 413 1398 405 1431 412 745 405
3,844 1159 890 354 1160 50 1311 354 228 1020 1005
19,1083 520 869 1062 879 1034 43 853 263 978 853 406 668
9,1413 1354 934 1415 466 770 1383 467 934 286 192 243 1398
7,341 146 443 197
9,362 805 502 1415 348 805 1377 1211 636 797 1080 1398
2,1357 278 1077 435 310 956 480 94 801 264 981 1070 882 1385
9,1415 373 254 1360 219 513 1189
18,871 1354
15,1394 1187
2,935 1078 761 1013 458 621 899 1283 594
1,1353 978 724 540 1122 1205 989 201 1103 1386
11,1419 1032 447 214 535 1376 1235 1268 238
3,382
12,1310 19 1310 1278 951 1442 743 131 587 889 1334 1413 1316
19,663 1408 1431 663 1301 95 95 1174 262 723
12,124 87 573 124 87 293 234 938 141 22 289 24
4,979 61 563 1049 61 1100 577
2,797 1357 488 787 797 1032 771 1186 1186 535 1323 1434 213 213
2,986 1035 986 953 354 1089 621 996 821 389
5,287
8,143 262 1419 1220 454 858 688 143 961 846 1257 293 86
12,1226 371 1226 548 761 245 761 1159 13 761 621 761 665 1340
9,61 422 1431 466 15 805 1280 1252 1352 238 25 166
9,189 805 1254 61 1431 1331 988 1415 805 1415 367 806
2,766 743 341 1347 546 283 546 751
6,713 992 1431 176 568 134
12,371 677 581
0,1317 361 1317 181 535 79 1055 1230
0,351 602
12,1140 1140 1431 495 1420 171 314 1222 1420 551
7,70 147 380 540 147 432 1415 447 561 524 1267 1434 1004 124
18,1088 496 857 1406 684 1095 347 743
7,203 1265 596 111 203 1224 1265 832 122 596 109 786 786 1277 1362
9,1394 1438 407 1415 1438 407 1124 1415 1079 761 761 51 941 1389 1352 459
0,625 995 980 1149 361 66 625 609
5,1173 106 1063 835 1133 506 1148 276 1074 1303 1173 632 106 978 406
15,162 171 772 159 828 766 880 806 806 639 1343
15,861 501 996
10,1136 728 315 766
9,628 694 1415 50 1085 466 1415 353 466 473 601 466
10,336 884 182 1435 293 689 175 1316 412 709 652 11 724 884 182
1,78 94 78 94
3,607 1202 237 851 1202 1132 285 1414 607 781 52
1,967 468 1118 851 967 468 1118 468 1187 968 1118 1311 15 1044
17,403 120 1034 120 1264 394
0,1034 66 136 924 1311 473 1296 1395 732 1331
9,638 1208 379 455 805 638 1208 1200 379 1415 805 513 1189 1074 1189
3,1411 1162 549 673 1269 1299
0,511 811
15,799 271 1035 690 248 940 873 918 549 52 173 654
4,176 515 1443 153 1027 527 1208 776
12,1036 728 97 388 1198 1297 806 300 857 994 1297 1175 124
1,1005 886 576 985 135 627 32 98 795 32 98 642 620 376
11,300 1378 1059 985 392
9,628 1415 866 327
15,1130 111 1130 111 239 171 793 880 978 511 163
6,1420 1240 668 1140 684
9,379 1394 1414 379 1283 1382 171 621
3,163 1162 165 1437 773 1415 394 1014 1202 237 1188 818 473
10,918 313 528 125 918 813 947 156 918 170 902 827 806
10,1302 293 931 1301
12,1073 1058 77 1172
17,1394 1154 1052 1311 231 288 442 288 15
11,214 214 1398 1092 542
17,105 1115 991 1368 743
17,621 1394 210 948 147 171
17,47 1297 536 976
3,908 541 1154 956 1154 49 805 1105 1012 382 313
12,853 1241
9,70 1344 1003 380 513 1189 701 1415 380 70
15,1130 793 377 793 1130 1144 377 793 266 511 266 1425 793 163 406
2,698 1000 1064 698 1000 1292 1366 983 1000 17 52
3,239 1438 294 924 239 1438 580 761
5,1083 894 1021 15
2,1394 171 1394 171 751 406 1130
10,120 734 760 40 1428 434 1033 170 561 1033 175
10,61 54 413 1398 405 413 1398 405 1431 996 918 1233 1200
2,187 398 1422
2,755 1242 1142 353 1240 1314 1142 339 909
18,1045 350 1139 1069
1,1415 119 1248 268 119 498 559 268 1122 1353 736 455 373 905 749 15 150 1398
1,621 621 211 1090 123 1205 1352 222 761 229 542 1240
11,300 1378 727 460 566
9,245 1415 245 1003 1415 1298 157 1011 301 301 301
17,596 1264 1163 596 363 1331 596 1419 975 1265 665
17,84 1311 84 1311 1375 1079 406 1248
13,54 537 1019 668 65 1059 514 668
0,1251 897
11,646 272 1224 218 1131 1396 920 302
9,191 598 191 597 1013 770 15
12,1440 1413 587 889 61 54 1439 898 1131 1131 163 124
2,436 573 573 436 1195 761 659
18,1289 603
11,127 1063 804 1047 1331 1056 667 804 1392 448 311 720 193
2,673 751 49 1076 92 1052 394 628 1084
10,788 918 872 88 206 176 163 66 997 392 1202 170 1154 509 180
0,602 1092 761
0,621 792
0,1295 1295 361 1419 424 1295 257 257 1181 401 1092 761
17,105 1115 991 1368 743
9,963 346 466 1388 90 1379 309
12,46 61 61 785 582 790 89
15,1394 1247 1398 1247 1398 1424 1247 59 73 761 621 1031 15
3,838 887 838 1317 1091 1422 1123 1248
2,1418 192 92 1296 1004 562 870 872 152 1119
9,467 64 498 1003 666 77 202 904 906 1196 1311 203 1003
14,307 309 854
15,668 100 749 931 1122 556 1238 183 573 931 1108 556 1318
4,1444 1312 398 906 324 978
17,114 643 379 171 379 1195 732 335 540 650 204 806
0,1235 1133 579 1138 1088 1016 941 624 1194 624 549
8,1416 19 1111 104 1311 1296 518 129 144
2,1324 42 1218 1324 665 254
17,857 553 54 1368 1340 1368 1431 1368 743 526 554
2,171 996 239 171 365 1419 1385 440 981 617 75 94 872 94
15,564 377 600 828 1359 564 377 1153 377 1122 548 1004 1169 1173 418
15,1142 1142 377 3 1311 1443 442 33 236
8,143 978 518 1246 1128 143 518
9,1413 491 550 1446 1415 491 1361 747 177 197 1415 15 406 347 263
19,103 724 103 509 215 103
9,1415 367 61 507 1431 1267 507 811 310 185 940 459 848
5,836 61 857 387 387 33 1431 930 277 314 509 939 364 535
7,153 573 153 1331 43 872
13,1073 500 1182 535 9 422 1233 804
2,1357 833 1264 539 435
12,584 1120 872 961 1181 769 1117 769 1117 1127 558 1352 764 764 764
7,1157 171 1130 1153 171 1157 974 171 360 380 367 1425 548 1353 881 824 706 706
1,1317 639 1394 15
9,805 621 1422 34
15,1394 1250 1017 1201 1250 1017 1201 1130 406 136 257 1017 996 1130 1119 1200 305 1119
17,1265 996 204 806
15,1130 345 1192 171 751 605 1130 345 1192 171 751 605 751 406 880 636 1363
15,1382 1130 840 1196
0,832 1006 79 909 1200
10,170 997 964 1069 456 170 997
9,482 1420 1004 1004 197 295 354 998 482 1141 593 593
8,282 859 116 710 1231 657 1431 743 1237 952 535 556 383 1289
15,1210 1130 179 1210 540 257 1267 808 393 129 263 163
7,850 464 787 850 464
12,1354 61 54 1439 898 1131 274 1131 124
14,1026 679 473 1289
17,1039 1166 92 827 233 1039 1166 92 827 233 430 172 560 172
3,978 1384 1062 1001 743 467 1138 698 1000 978 1384 1415 1235
2,756 1242 156 1289
15,1289 61 1429 1429 310 1431 1429 310 1240 1289 308 54 631 1289
2,605 231 1358 1081 605 231 1357 803 803 605 902 1193 751
10,314 118 126 77 633 247 77 316 176 1325 200 875 200 875
16,920 992 920 1316 574 1443
9,573 243 367 348 467 617 467 1407 752 955
0,792 1327 851 561 934 592 176
12,663 87 961 61 54 374 374 1431 1074 1050 704 663
9,1415 1200 1267 1292 857 553 1367 1195 1292 1200 9 542
3,246 1415 1324 858 246 1415 406 88 621 1088 186 940 132 459 761
10,120 1050 801 641 120 120 853 262 621 658
15,1209 1173 911 876 477 115 615 900 1173 479 1393 391 721 141
10,77 1177 1297 1427 1194 540 1296 170 587 411
17,1289 1289 1425
17,1184 13 940 248 766 15 371
19,69 979 931 978 1050 455 540 815 918 455 799 1051 572
17,1395 746 837 1266 110 110 1331 720 460 318
8,922 151 922 151 1304 1416 518 723 313 410 1416 776 1416
15,841 1130 1130 1269 1269 1239 509 636 163
2,160 171 993 573 160 171 514 306 152 1192 639 807
19,1302 1196 1182 138 126 199 738
7,824 621 824 761
15,1289 1289
7,283 245 540 81 922
1,1379 718 546 718 596 163 251 1203
15,1130 579 883 1125 13
7,436 1267 636 572 526 776 776 1322 166 1365 524
16,761 581 229 761 1419 722 13 1046 108 761 13 761 1048
9,466 1326 467 1248 1267 856 587 261 856 1193 844 467 1311 535 15
1,513 1025 773
14,409 209 247 409 210 1130 526 1026 964 549 52 1230
15,1130 1130 1328 793 1382 171 241 365 880 761
17,344 44 752 210 210 385 549 624 996
17,635 1240 1348 765 921 1443
15,835 1394 490 1429 1429 356 631 682 619 835 453 548 1079 761
11,1247 1013 540 1013 73 410 1015 101 218 1079 761
2,850 850 1317 1089 1123 580 1090 1301 1047 824 766 1336 1194 1047 52 1230
13,537 1019 928 738 540 1425 738 1206
17,540 126 61 144 144 1431 270 1028 127 777
10,788 170 512 410 324
14,1140 1431 542 753 513 621 542 513 1230
4,578 982 926
5,61 659 1431 1400 1099 426 135
3,56 228 56 228 1013 15
0,791 1138
3,1202 1202 1202
3,1013 1013 516 1013 207 1007 555 949
2,932 824 932 824 250 49 239 354 1381
3,624 1422 1052 1311 1252 1415 563 1023 964 624
16,1385 440 1126 765 1352 1126 1126 586 1385
2,406 393
2,1287 407 1287 407 686 853
15,634 283 1173 501 634 283 996 1151 609
1,621 156 980 1187 368 945 1013 946 248 1291 767 370 536 1013 52
12,1226 473 1189 1355 300 1226 848 704 636 848 704 939
3,63 1379 1202 497 989 428 497 1243 473 1154 761 1044 15 1044
10,1004 1093 981 1004 746 1004 737 262
10,1444 61 124 1431
6,1311 856 612 1390 894 1047 455 1434 901 826
3,892 892 769 907 1422 722 514 568 681 816
18,1180 1154 724 1204 724 562 513 1189 724 1180
18,522 265 1191 522 265 15 665
13,54 537 1019 1297 1060 573 537 928
11,300 1378 928 758
0,1271 1258 1327 648 384 300
7,49 700 596 49 700 1210 266 171 1195 245
18,857 1289 1137 343 1289 1227 1406 872 230
1,359 1309 416 359 761
9,751 353 1415 1283 49 353 596 1047 1210 565 353 1422 596 1047 353 34
1,64 42 944 473 42 64 944 502 64 944 1103 397
1,369 965 624 369 963 28 726 1068 761 52
3,455 553 684 1199 963 346 455 724 553 935 718 1195 761
10,170 212 305 578 305 710 146 392 1235 1021 1422
1,171 70 1344 70 277 996
7,1295 548 601 553 286 246 1266 596 1295 19
15,1130 12 496 11 34
9,1214 1381 171 1413 380 380 1355 347 338 198
15,802 266 1394 511 156 802 266 1130 263 406
17,1394 624 220 326 471 326 1063 540 127 220 326 1195 52 396 322
4,1034 1267 940 296 1037 255 789
15,861 1130 861 1130 425 257 1154 761 328
1,1236 342 995 1379 342 775 761 775 775
17,329 172 1039 1166 1151 1225 74 276 1364 198 925 1039 1166
7,239 380 379 219 239 379 1382 171 1336 209 211 1398
9,1000 379 1394 1000 379 49 1000 665 1297
19,1396 928 776 1431 666 976 931 780
7,1394 833 1151 833 996 636 157 1328 1381 171 793 916
17,1389 210 1389 210 1311 308 44 754
5,1130 614 1130 1196 1196 922
7,168 166 705 514 13 168 166 1339 853 30
0,1060 828 18 568 248 497 625 383 361 815 540
18,1204 319 556 847 669 1204 185 43 1034 489
7,1005 1432 1013 972 1004 527 640 722 1346 527 1243 1004
16,1302 279 993 1410 592 293 873 1398
15,1415 1130 1415 904 1130 1178 1325 485 377 705 801 636
7,338 1228 536 759 1201 537
4,647 993 981 1243 1049 1034
0,811 82 130 728 1251 201 1425 312 1011 333
3,696 239 825 624 17 696 239 825 1267 1123 1159 1195 1033 624 996 624 310 83
15,1394 185 194 987 636 185 194 587 636 1153 988 72
5,299 207 570 156 106 658 364 764 764 3 238 1079 761 490 853
19,108 438 975 108
19,966 69 61 54 857 1140 1421 473 472 370 778
15,1032 999 126 352 1032 126 352 456 5 1032 999 62 1286 914 352 636 1079 328
2,777 638 239 1382 10 1419 10 758 1213 636 123 122 761 893 15 668
3,1241 1241 761 973
18,340 896 765 1367 60 851 1023 896 1366 922
12,1406 1399 1399 1399 1242 1399 782
3,1111
4,1179 31
7,70 70 545 1344 1003 1253 1379 729 1112 406 1078 52 1112 576 1112 1213
11,300 1378 745 320 745
1,42 1218 607 466 498 1244 979 607 466 498 428 1202 237 29 1203
2,996 382 996 540 536 23 956 480 94 801 264 981 1070 882 1385
15,126 501 1230 1230 1385 894 440 255 1230 898 94
0,978 1098 232 511 257 65 1035
11,537 745 1188 309 309 121 537 745 548 1202
5,421 633 1263 1433 1110 719 1443 377 719 649
2,932 638 822 572 932 638 822 822 917 629 860 986 638 822 591
12,1230 657
12,796 558 826 1431 573 796 558 1147 573 1440 562 371 655
15,1394 1394 1173
10,621 105 247 777 276 1212 263 934 406 1343
5,120 621 1394 1153 120 808 548 257 1168 564 540 314 314 1331 236
19,966 69 687 297 675 1127 1431 831 1267 727 554 675
7,111 802 266 1394 1336 111 802 1151 990 475 783 734 1425 706 706
17,473 61 922 1436 922 1431 1329 474 736 79 637 180
1,252 724 968 897 853 895
2,1169 824 187 596 753 1136 1204 824 1264 132
10,437 157 1419 81 540 437 820 1201 860 1301 996 121
1,29 553 285 553 29 984 309
3,436 1030 436 171 976 245 1092 609 667 667 667 645 1195 667 1165
1,1380 380 842 853 270 1355 1380 380 171 1380 715 111 860 379 591 158
2,1074 798 793 573 636 276 276 377 249
1,1384 1394 1026 366 1384 453 461 1187 354 1167 1187 860 722 624 52
7,455 298 358 455 298 358 1082 406 15 26 639 118 1400
7,1122 513 1113 853 284 290
1,350 1189 513 858 350 624 751 451 621 560 34 34
3,1202 237 317 855 761 1202 237 126 1414 50 1014 669 1202 237
16,1351 849 154 892 131 1311 1222 494 766 928 561 1427
14,1235 1139 553 979 347 79 409 1088 51 1079
1,1045 367 1083 540 509 1170 1013 285 1045 1136 111 774 467 1296 15 299
18,350 1272 1204 672 459
17,171 421 1151 171 61 171 421 760 1324 15 302
8,1098 55 1431 1103 1147 406 1248 1349 349 1292 893
1,1415 270 1316 761 591 79 1284 312 1405 591 540 223 665 591 1270
11,1397 1444 222 1222 1050 553 1419 978 1397 874 1243 406 586 467 176
4,647 683
1,869 270 245 423 378 869 730 879 270 869
5,903 1237 1419 684 136 106 17 1340 616
15,1394 753 115 753 115 176 263 706
7,1115 1005 1005
5,120 636 1105 156 106 406 1078 310 940 1389 761 587
3,983 1383 416 467 607 239 983 1383 1141 1369 267 983 983 672
3,1369 534 498 624 52 804
15,501 759 759 824 354 368 696 288 227 1250 1381 824 163 1140 406 779
15,44 753 501 77 731 44 753 178 1267 613 985 10 425 257
15,751 822 1394 156 201 822 751 798 988 201 93 990 201 201 761 1148
17,768 1373 1085 766 201 579 466
10,1093 589 137 1034 81 369 203 646 202 1095 1201
15,201 1307 1394 201 1307 55 1334 206 1099 312 1394 940 761 1129 1031
14,259 259 1405 142
12,588 1217 697 386 583 309 707 1413 138
19,576 1140
9,838 367 1414 838 1123 367 1413 1414 367 53 819 838 1422 549 52
1,1380 1214 981 668 1394 341 1214 1214
9,111 1101 1424 111 1101 119 467 111 608 267 111 608 111 1101 608
8,922 151 1261 886
1,1154 2 743 845 513 1201 1143 179 466 332 72 718 180 110 144 370
12,1066 1413 679 583 806
15,501 1191 1191 744 908
12,463 1307 621 463 931 1230
9,416 354 1195 1170 1195 712 354 416 467 367 1415 1079 52 9 542
2,825 868 1422 187 638 1382 535 844 1090 293 678 1281 1252 374
12,663 87 961 309 663 124 898
4,647 133 611 810 978 832
3,1411 1202 237 851 1432 1412 1132 1411 1202 237 473 58 41 513 624
5,540 1057 1400 716 1431 161 378 161 106 916 1298 1106 106
15,255 1130 775 45 531 631 1283 71 531 523 1002 639 1002 523
2,698 1000 1280 1252 722 956 480 94 801 264 981 1070 882 1385
1,533 57 533 1447 1178 253 1015 573 540 533 761 857
4,1156 1238 275 1003 35 639 275 1003 35 27 1371 1003 35 275
10,235 170 525 235 170 15 1079 761 418
17,1239 1029 502 1239 519 1018 1424 549 15 309 750
9,1240 429 1170 938 1204 563 1041 201 1039
7,524 249 157 255 761 897 524 1267 1288 996 1161 166 715 1161 1225 17 1299
7,1003 824 557 1089 1422 824 1252 171 1422 1433 786
1,540 286 637 38 1346 285 386 533 685 111 1336 946
2,231 1213 187 8 231 1213 187 803 803 15 937 1410 289 24 751 57 1345
3,455 1082 553
1,1141 367 1141 1370 1170 1422 1380 542
1,1394 773 1427 1336 534 345 773 1336 534 637 473 534 1306 706 1374 1339 706 1408 1248
8,859 734 1235 853 108
1,546 851 546 119 533 1083 263 445 549 52
9,1013 770 1035 1369 191
1,751 1195 636 474 37 1015 751 636 1015 429 972 540 766 156 751 429 15
1,540 126 1394 1063 540 126 546 1381 1262 15 1154 761 875
3,1384 717 615 629 630 1237 1204 766 804 323 411
15,1150 519 1130 1150 1151 519 604 878 406 940 26
1,1382 171 1101 263 1104
18,1027 766 722 1177 1443 857 423 922
2,751 237 902 751 985 352 751 237 535 234 789 1230
15,162 501 176 772 425 257 636 761 1316
14,1009 758 1196 1233 1074 742 265 1220 364 1222
2,49 824 455 312 1101 824 850 464 994 860
13,61 45 1431 310 691 215
9,735 54 697 925 1435 1370 735 1218 498 406 761 593 593 810 444
9,466 466 1086 846 12 13 1159
0,1334 337 351 383
14,1275 237 540 693 326 173 1271 173
9,805 1415 598 1013 770 47 931 1098 90 265 598 467
1,919 503 422 24 575 587
15,1130 650 1 881 136 636 1154 881
1,1309 1013 164 545 513 466 546 348 164 1447 1013 1315 1315
15,283 149 634 283 634 156 1162 1173 636 1092 163 459 1268 1184
15,1130 579 883 1125 13
15,1377 501 996 443 270 1377 367 904 1079 761 1342 657
6,91 568 33 240 894 811
9,466 797 1123 1415 466 828 563 466
7,825 1072 1442 648 1415 1212 824 192
15,1289
16,649 449 658 1431 540 1267 139 649 543 1441 1393 1365 34 639
17,1202 1039 1166 758 918 163 1132 917
9,1415 1419 1379 1415 917 1013 1079 761
1,37 37 1195 904 868 490 722
4,1372 1297 1352 515 1321 688 31 102
12,1202 943 176 538 1311 538
13,1073 500 1182 29 1073
1,984 466 1353 1419 545 904 984 467 52 1022 246
3,546 879 1026 624 362 1203 546 636 333 1291 545 1009 1154 43
1,1202 237 684 753 1013 1202 237 513 3 278 166 1075 1268 1322
17,403 326 759 858 1139 404 778 898 1240 403 326 872 322 403 326 760
1,1236 535 513 1190 1008 1236
18,736 1005 653 550 1347 790
12,1311 961 174 785
5,1063 1218 1218 763 204 761 364 1311
10,589 762 724 589 762 724 1241
8,859 1278 935 1088
4,1175 1396
3,513 13 1379
7,1430 485 43 1036 753 485 1346 1430 352 753 352 1430 868 1047 1004 761 978
7,418 418 1154 406 13 742 678
0,1268 1062 1055 333 207 7
1,905 1195 905 964 549 52 761 809
10,456 350 1396 1312 996 438 1153 488 1145 1289 1183
12,310 1407 310 1407 693 1278 1310 951 556
7,1319 803 209 163 634 872 541 629 1387 164 367 270 485 150 745 1415 284
2,61 1315 205 871 791 1315 1435 1115 377 613
1,573 1297 1415 1170 1013 164 546 1297 1170 1015 436 1015 406 1401
1,1381 546 819 1380 1332 1256 1080 1224 819
3,1252 1252 546 122 1248 15
5,61 857 665 1431 765 1005 217
15,501 1197 72 501 356 1240 501 1197
12,1052 954 1110
1,1293 773 498 1316 502 1293 498 467 234 267 1056 138
15,239 1130 239 1130 1075 265 636 163 761 396 1341 1151 54
19,687 297 675 1127 1431 931 1035 43 1034 844 1312 675
7,579 933 1382 171 786 1380 1382 266 731 211 1041 111 239 1252 171 978 406
1,919 503 47 399 1394 1015 237 1187 37 375 503 596 15 422 24 575 587
13,54 537 1019 784 481 784 863
12,61 54 812 1431 950 295 433
8,419 36 930 518 930 452 1386 419 959 169 232 169 519 419 169 782
13,54 537 1019 1300 811 444
8,573 1175 579 743 1175 579 853 134 1416 452
9,698 1000 913 1425 202 913 1299 1224 1352 323 1445
9,112 119 498 112 1195 686 65 113 1093 126 1195 686 977 686
15,1394 696 161 696 161 684 827 59 872
3,1159 1159 1122 935 722 181 935 754 628 1159 1086 1078 667 1376 6
3,1414 1414 904 431 1124 367 1415 563 572 15
8,1434 1004 564 1311
0,1034 624 549 1094 989 406 963 1072 1312 579
1,547 1000 49 700 607 1001
12,463 533 1419 684 463 916 533 1154 15 302
12,938 138
17,777 772 731
1,1384 467 1240 1384 467
17,306 1326 641 248 50 306 1326 624 1016 263 639 843
7,851 270 1013 775 359 1340 1368
7,255 402 1267 1267 402 1380 1192 1382 1142 758 573 136 244 266 310
9,379 998 380 1415 948 368 781 1000
1,533 466 498 406 621 533 466 499 621 1429 1429
3,426 995 981 1303 1112
2,700 379 573 1379 1000 379 49 700 573 379 406
13,1443 214 61 898 898 1431 734 465 1069 723 761 1079 473
3,1015 461 1194 1013 1177 800 85 598 15 804
11,300 1378 928 810
1,335 636 335 1154 1245 15 778 761 186 1252
19,691 537 701 857 691 535 478 1432 103 780
15,634 797 122 1130 634 122 111 794 1041 1151 63 406 881 636 508
12,1439
7,1034 1301 1047 1331 473 981 1419 418
0,1330 164 386 177
3,473 163 535 50 834 1013 163 535 1143
18,1180 1301 258 1032 540 1191 21 922
18,896 801 54 1340 1431 61 54 776 1431 465 1273 694 278
8,419 1394 1177 540 518 1032 829 518 1272 131 1114 1114
1,1424 1016 1016 1086 636 1052 237 540 127 1240 761 1046 108
15,1107 535 338 1107 538 84 963 338 365 1151 365 1083 1154 761
3,1241 1241 761 973
11,507 762 391 1069 215 1092 742 13 761 1140
15,1130 1325 1151 880 963 670
12,1240 473 87 454 761
0,29 350 384 540 769 553
0,627 867 1313 130 1333 361 725 1039 312 1271
12,1427 1158 1226 1226 917 960 174 1226
15,1381 171 793 1394 793 797 1252 1087 580 948 974 1256 926 1173
12,829 1034 975 806 959 473 675 639 1270 104 769
2,932 1034 932 997 256 406 49 824 932 824
7,191 1191 1419 191 1191 600 377 866 802 381 600
16,801 1314 977 722 864 978
3,193 598 1419 191 1414 598 1297 1438 994 43 473 52 782
12,724 1279 768 1427 1158 762 1165
8,859 713 1394 1154 713 859 1154 83
2,1357 344 1358 210 803 1331 314 310 956 480 94 801 264 981 1070 882 1385
11,46 1093 978 1405 285 931
8,144 52
12,1240 722 15 406 217 542 291
6,1035 1035 316 719 317 473 540 954 1078 52 668
15,1394 313 1381 824 1381 824 313 386 917 1105 418
3,239 115 1410 1292 115 1414 895 400 783 549 52
4,1372 684 1352 1434
12,486 1120 163 1311 959 1127 558 1352 764 764 764
12,206 291 762 724 52
0,1062 176 1394 535 909 474 1190 535
1,1101 306 608 473 1013 465 1373 953 607 267 1294 971 499 1373 1013 1432
17,985 722 21 1194 985 723 667
9,983 119 1424 1016 1388 90 1377 1177 467 1177 983 347 497 1388 90 1370 267 119
12,61 54 812 1431 156 82 1147 1182 83 960 1138 743
15,1394 162 162 1105 1079 22 535
1,1367 485 945 456 1425 285 466 1013 294
9,61 1431 578 513 1189 56 749 1379 1257 272 1415 15 513 219 616
11,300 1378 207 784
4,420 672 421 692 7 692 1252 957 831 1055
17,837 801 1311 131 1012 837 210 1218 856 1375 1337 1374
15,418 418 1154 406 13 742 678
17,621 385 1016 466 58 164 1447 385
2,986 779 156 986 1122 1032 556 234 1092 761 941 15 1103
3,597 132 317 954 553 598 597 132 598 132 834 652
16,606 1396 892 892 494 1396 708 702 580 702 892 1351 849 580 76 392
0,36 361 1080 728 153 108
17,473 872 940 722 1291 942 940 940 248 1047 79 872 1422
18,308 450 1013 1137 645 882 308 1162 1111
15,1287 1130 250 1287 442 822 680 159 766 880
3,924 332 540 857 1205 81 857 332 47 1253 923 879 1379 408 1205
2,1267 1129 1031 1129
5,1394 17 1431 1034 303 1106 1034 106 1063 1311 589 925 49 255
9,436 1122 93 197 1230 1230 1268 129
9,1287 1164 1415 1394 1164 1287 1013 822 627 1415 1131
1,309 309 1431 1195 857 1195 1195 743
12,675 1419 688 675 79 507
1,858 568 1303 799 246 546 417
11,1421 572 215 386 214 1421 928 424 1062 1092 406
0,1034 1034 660 1405 1095 79 934 924 777 758 758 758
7,1014 640 109 1330 624 465 1013 1014 1335 767
1,267 64 466 1195 498
9,380 851 684 308 513 730 1061 1413 1000 380 168 168 15
7,643 794 1041 255 1041 794 643 753 761 15
6,1130 279 894 1130
15,1353 1195 1130
2,1200 751 565 1085 473 1200 751 310 595 510 848 510
1,761 804
9,573 875
17,1274 758 1425 1007 136
11,126 963 540 127 313 15 1079 761
9,1415 367 1267 507
18,1204 573 1204 1072 1318
15,1130 996 1130 353 614 1357 772 353 888 1422 880
11,745 420 1049 745 420 804
1,533 1276 1240 533 1276 268 766 484
16,229 1013 995 61 925 925 823 1421 1418 1181
10,311 870 481 1054 1194 707 1181 776
8,943 943 1147 675 676 1043 761 1134 1356 704 893 535
5,1394 17 716 1431 303 810
7,824 1201 487 541 629 1387 164 367 270 485 150 745 1415 284
12,588 1155 339 79 1172 115 584 1141 462 657
9,379 586 596 1000 379 1415 96 431 1243 761 1079 347 1047 553 310 141 752
3,1159 1034 43 818 1159 138
10,1441 567 489 552 715 1122 734 931 734 1321 410
11,300 1378 745
19,644 702 1060 624 648 644 978 570 508
1,253 535 126 1068 1314 535 1221 607 253 1282 52
15,1173 1323 636 1092 163 459 1268 1184
10,1311 388 512 379 954 745 1443 175 462 734
9,722 761 722 761 1049 853 857 498 372 853 857 1376 1047 722 9 6
9,1415 1210 243 681 681 931 516 681
0,167 1327 811 1062 337 184 167 954 280 1327 1245 1311 124
11,817 553 621 52
13,724
7,797 1218 1047 61 553 573 797 1218 438 551
2,751 1047 1353 353 1013 1370 408 751 1047 1353 353
2,638 353 1032 638 353 751 1347 1210 674 159 1202 806 599 1339
0,842 573 842
5,280 277 865 931 395
17,403 918 874 281 1408 1238 1035
12,663 87 961
12,291 1117 1035 843 901 826 1431 1316 291 806 839 766 1171
15,1144 564 377 501 136 1144 793 564 377 501 908 615 130 157 255 1270
7,285 367 455 367 1034 1311 285 367 455 744 1035 853 1418 1430 692 1311 690 436
1,112 1195 267 467 113 498 658 1139 747 1446
3,834 1159 64 1159 196 184 453 734 1425
3,402 1382 172 1252 402 1382 172 697 697
9,1415 1415 1195 894 440 695 847 542 670
13,872 96 1384 61 179 221 141 141 1431 779
8,1034 1067 1311 1128 1278 609 1398 959 991
17,403 918 874 473 822 1195 49 988 660 1422 310
7,245 436 690 245 17 402 754 1079 989 406 1298 1366 245
10,1004 728 942 1162 1423 111 1193 191
1,1259 1004 394 1347 28 1202 1052 720
0,341 1200 1185 1297
3,923 1431 455 923 251 439 818 923 1141
0,867 125 566 1443 1284 1443 449 395
7,1142 600 1142 172 367 1268 1084 1155 334 379 797 1142 334 1331 111
1,466 516 717 1026 366 466 761
15,699 604 1130 699 604 1130 999 907 1289 1080 636 761
5,835 1313 1422 364 212 1237 1116 364
17,29 452 350 852 1248 494
18,639 432
6,1311 61 1365 297 297 304 1431 1187
18,1027 766 936 1304
12,663 87 961 1301 663 1058 799
9,466 770 1004 1221 466 770 1227 85 800 85 48 602 806
18,1312 1013 28 1312 17 667
15,788 1130 1151 788 425 1424 257 920 1248 125 263
12,1410 762 724 520 1241 1410 762 724 431 761 13 668
8,1289 801 1289 801
17,195 727 242 166 159 248 164 159 1402 1245 1145 885 639 13 94
12,1420 757 75 87 1442
3,1353 61 54 1431 755 1353 958 15 1116 1014 414
1,1309 872 1103 685 607 553 404
17,621 1268 156
3,1241 422
10,104 1240 702 1079 981 873 309
1,546 904 546 904 769 907 568 362 1154 1194 1013
3,341 1248 1252 373 270 1433 418 1412 47 1013
18,1137 899 233
6,1390 388 839 839 1382 668
10,589 554 589 554 314 1318
11,931 69 677 340 720 190 451 1146 468 431 720 468 309
1,1394 1250 1017 1201 1250 1017 1201 1130 1154 406 136 257 1017 996 1130 1119 1200 305 1119
17,1026 366 1195 837 94
15,1130 651 651 538 1130 903 263 328
18,1204 1204
8,859 962 1226 1355 962 1226 761 1240 1226
15,1394 1240 761 1078 1231 639 1126
19,644 76 675 1127 687 297 1435 860 108 601 1067 810 108
3,1013 529 1034 1013 529 895 1218 895 1419 516 621
2,201 1382 171 1419 621 436 1382 751 1298 824 547 1352 411
19,576 576 870 1053 1210 176
9,569 569 1413 1238 1121 49 1424 634 958 1267 213
12,796 558 573 796 558 1147 573 1440 562 371 371 826 901 826
10,684 170 757 786 1110 164
0,1295 636 474 1295 853 263 406 13
12,762 724 762 724 282 544 1183 467 931 154 310
17,573 1077 200
9,953 491 491 824 703 684 491 685 618 1126 26
0,624 401 899 48 1185 1306
10,771 17 851 771 1213 343 525 883 191 883 191
7,171 824 1394 1314 706 706
2,630 1186 1036 1154 632 630 1186 297 382 443 1186 1079 1079 297 667
0,1334 337 351 383
13,1301 1445 507 1431 536 743 540 1035 1035 1051
15,822 1079 163 1218 93 594 996
16,1321 1284 1057 339 229 740 1125 742
8,97 930 540 749 665
8,143 454 540 963 568 1061 982 1096 144
8,1232 40 853 1413 1232 169 1413 292 310
7,71 621 1394 1434 858 1419 308 1442 71 920 761
7,436 157 256 156 255 248 256 248 988
3,1232 138 138 848 1039
16,1390 1034 1035 1154 1103
15,1394 600 564 377 1381 824 761
1,1394 95 518 979 801 390 417 438 427 1188 112 112 426
2,734 1041 841 839 45
2,781 49 1424 781 239 986 573 1121 828 129 1420 670 33 236
12,1439 942 1439 950 921 1443 1230 1304 83 671 1372
2,751 159 590 377 751 341 377 159 342 1111 1111 297
3,761 1349 727
15,634 283 209 511 209 1130 634 283 209 1173 209 766 880 996
7,1402 590 856 49 700 466 1159 797 549 52
18,1289 470 470 1289 1289 1053 761
7,125 436 379 904 940 872 126 473 248 255 15 1320
14,230 210 1267 681 1040
4,1156 741 1267 940 296 1037 255 789
11,1083 556 1435 61 270 321 270 496
1,379 1394 1414 379 1283 1382 171 621
4,567 469 858 553 1052 434 350 1430 714 553 810
19,127 1237 564 473 127 321 1138 123 222 473
1,533 1276 61 54 1431 1240 533 1276 268 766 484 766 484 534 268 701 1379 1436 1025
15,170 1130 501 118 808 540 257 567 1151 633 170 163 1116 406 1356
12,87 1047 87 1285 789 1124 310 240 1352 240
17,220 52
4,1156 79 1138 275 1003 35 639 275 1003 35 27 1371 1003 35 275
9,369 293 369 1005 1415 705 377 1142 1094 937 6
1,915 326 914 127 1202 624 915 326 1069 549 15
12,1226 1034 1419 882 1226 615
13,336 537 1421 1331 537
14,799 751 958 367 367 1189 1202 860 1100 192 854 476 1026 679
10,1039 1034 1316 860 1035 278 43 72 1268 1422 473 43 15 56
12,508 509
7,1195 250 57 325 381 757 1311 1195 58 52
2,249 231 456 231 1213 963 1350 457 803 1068 803 803
6,1390 1221
2,473 171 406 711 1219
15,824 1130 1130 1262 824 1141 880
10,1290 1290
1,1309 1062 1047 126 1309 1379 386 1072 1216 636 474 461 1309 1211 1309 1256 607
1,1255 528 1270 854
17,1189 1018 513 1190 314 404 1018 957 1094 52 656 301
15,1130 614 352 377 239 985 1251 548 1168 1195 93 263 371 1003
5,106 1394 17 1029 61 54 818 818 654 1431 1048 611 621 858 646
3,188 176 1409 133 297 1235 297 86
17,601 820 778
9,838 838 1415 751 515 1065 808 15 1230 1231 297 574 135
14,1202 28 636 1202 409 28 1202 473 362 15 406
1,904 61 857 1048
8,472 1417 764 97 733 118 1310 1066 1416 208 1429 1429
1,306 1394 1293 774 306 860 820 1293 915 1373 1259 965 1293
17,1069 471 599 1394 971 599 1336 195 997 548 33
1,375 1241 246 546
5,107 1296 514 446 201 135 514 446 610 462 446
6,936 866 853 866
5,488 1062 978 81 601 769 893 436 1237
3,532 680 1205 1205 532 1336 680 923 15 406 1335 1349
7,825 61 417 1431 223 249 1288 996 1033 354 636 825 1320
5,684 1199 15 1210 130 166
11,661 767 661 789 661 1188 1297 101 661 507
17,519 1405 1322 762 724 858 985 1268 60
1,1008 1236 1202 237 1008 1236 684 1432 1008 75 94 81 94
12,588 1442 722 377 583 1442 418
4,647 1049 664 664 727 664 293
0,1330 1176
8,1052 1296 166 1052 931 195 959 959
7,573 511 1062 130 136 362 473 624 255 1034 573 382 868 1398
13,54 537 1019 784 117 469 784 863
19,61 54 1431 734 1283 537 79 29 101 138
4,1399 694 275 1003 35 639 275 1003 35 27 1371 1003 35 275
8,535 1226 1427 761 510 1318 166
7,171 450 1382 171 211 777 1382 171 211 731 70 1034 435
8,930 454 611 43 839 1305 930 1261
0,522 1094 1034 1390 612 522 285 1094 893
3,1411 1034 285 155 112 1411 112 1182 52 1140
4,779 1005 801 637 1433 129 1352
1,801 86 75 1189 1360 1379
17,1401 778
17,858 1139 404 778 898 1240 263 879 270 1218
2,604 511 811 1005 1123 604 604 1267 1382 441 436 1164
14,1275 237 540 295 543 929 680 1331 19 787
2,1267 1267 1354 1267 1267 1272 998 1267 1267 655
9,1355 168 379 270 1355 168 1000 379 1415 1377 1000 1379 406
9,379 1394 379 596 239 626 662 1000 964 15 623 1349
7,80 406 1302 753 466 3 898
10,1249 1187 1285 1040 753 587 753
1,1380 1214 1380 379 338 1214 1425 1422 668 3
15,516 230 1258 115 1066
12,663 87 961 11 89 806 724
17,871 1189 978 1034 122 1139 658 1143 1143 1143 695
1,468
9,189 805 1254 578 646 146 578 1032 1238 982 124 1352
15,1307 1398 1130 1153 1307 1398 587 1352 880 540 996 636 406 1343
6,1030 203 1225 108 108 94 853
5,107 1176 107 589
3,1167 1013 1167 1013 88 1437 1026 366 272 1013 593
15,564 377 1130 1144 1142 564 377 136 514 3 1311 705 761 636
2,824 1170 824 378 638 1382 205
1,473 260 505 1013 926 276 744 984 1203 1293 608 38
12,61 54 776 124
1,28 855 1202 237 64 466 112 466 1010 607 196 607 28 678
18,1202 1204 243 254 1203 1046
17,634 451 540 513 1190
17,306 851 1154 621 1272 684 209 758 549 52 15 309 807 1283 918
3,273 981 692 1411 237 1076 722 155 1097 1034 302
18,1088 502 881 931 761
15,1130 1130 670 660 761
8,1052 169 190 169 97 930 683 930 737 518 452
19,69 61 750 213 1431 273 564 448 448
7,1130 1142 171 1142 171 1130 772 1195 766 880 1341
7,621 624 377 1264 1163 529 1079 761 15 852
1,1347 255 546 535 341 1259 1259 15 1363
8,143 930 426 900 612 1061 921 827 1318
15,1394 1394 263 517
9,872 1382 171 872 1382 546 10 1415 1415
17,739 1081 886 371 1133 222 651 1317
3,973
5,13 294 848 903 233 13 761 15
12,291 1117 1035 766 291 1171
15,1151 1151 263 926 1056 996 818
10,287
18,830 607 1404 607 473 534 724 1355 816 6
1,546 718 904
9,1413 621 1382 1200 171 164 1413 171 164 709 621 52 933
3,509 1160 509 1160 989 1122 1415 937 1352 25 166 761 1340
2,231 1213 59 1047 1358 766 1296 1122 457 932 1213 1357 1422 134
4,1401 1022
18,608 896 1052 720
6,664 813 963 635 390 857 1081 223 1291 164 328
6,1390 627 1233 68 151 302 1431 317 317 278 1428 1036
9,1328 1381 380 1328 1382 171 1355 380 1413 513 1189
1,1384 1394 1384 255 546 946 622 1170 1379
4,578 1156 769 135 741 275 1003 35 639 275 1003 35 27 1371 1003 35 275
6,365 1422 68 151 738 591 1003 302
10,719 61 1431 270 724 719 979 1311 18 1210 846
10,539 139 79 99 20
9,219 473 154 261
2,996 996 538 459 822 43 52 15
15,459 822 524 524 459 822 524 255 1003 1415 524
12,1226 496 798 1226 519 371
12,1227
14,761 1292 1410 592 230 39 149 567 801 872
10,1397 1047 350 858 79 175 217 217 523
15,1391 61 857 1048
16,1390 543 1096 318 1096 318 578 912 1441 486 1401 1103
19,1443 214 61 687 297 687 297 675 1127 1431 1248 1223 896 392 1 103 495 896
15,1209 1130 1130 827 828 406 881 1119
9,513 1415 513 1415
7,699 459 894 851 699 459 604 1420 1009 998 1234 459 1005 492 1424
9,189 805 1254 945 473 1123 1415 53 767
19,509 831 61 1112 1431 126 513 1189
1,114 1384 1013 354 114 608 1248 1205 546 122 1123 15
4,446 102 647 912 1022
15,1130 1151 425 548 257 1056 880 2 26
5,893 789 387 33 1431 908 365 1097 1427 336 758
10,212 309 1431 602 309 120 721 1123 522 104 1335 170
16,1385 440 1126 765 1352 1126 1126 586 1385
17,1039 61 1318 1431 341 683
11,300 1378 738 1389 537 313 738 20 738
0,899 686
2,187 1314 636 933 341 457 187 1318 807 290
14,230 426 582 1067 702 198
12,1311 961 174 785 785 785 785 785 785 785 785 785 785 785 785
7,1409 344 1079 1409 344 1389 761 624 381 8 934 410
1,860 533 237 1296 164
14,978 857
3,801 921 949 1008 516 1162 423 834 801 749
11,300 1378 738 537
15,750 519 1130 1325 750 519 1130 1325 766 880 138 613 1218 349
7,1280 1034 578 1283 256 1283 832 122 758 820
1,1068 877 16 15 1363
8,943 452 1418 798 1133 942 1261
13,54 537 1019 668 1060 985 537 668
15,745 571 1207 727 212 441 163 165 276 814
15,1130 511 1066 1408 1152 1216 612 1083 881 1133
0,1024 621 624 1024 813 624 383 577 1154 1095 345 875
4,1047 61
12,714 860 176 657
0,177 526 1006 909 59 395 386 909 1273
12,959 518 1133 506 704
7,436 157 256 65 1079 324 1005 564 377 434 1005
9,1415 1357 1298 1359 1379 1415 803 564 535 1164 1123 891 1267 1415 1353 1230
15,20 79 122 82 614 1062 479
10,170 1335 1335 495 1379 1218 1010 671 1140
2,49 1101 824 49 239 824 49 1101 824 743 824 159 751 272 514
17,473 255 948 433 152 15 852 1338 1338
17,1038 1228 175 418 1431 457 1213 766 728 21 662
9,459 1195 1415 294 459 1195 1415 93 459 822 1092 621 188 1371
11,742 478 1050 126 742 214 1301 269 1047 1272
9,1415 432 1004 1004 1414 1013 1136 1163 1013 770 1267 467 427 887 1221 43
17,61 1431 945 1333 945 1333 487
0,341 351
0,1033 265 624 1323 1033 1033 265 1033 571 173 1161 624 635 978 1095 992
18,259 288 222 288 222 1386 922
9,866 327 1415 1232 1013 597 429 866 327 53 553 1122 628 1013
0,535 624 1260 386 15 521
15,518 133 519 1394 518 133 519 761 724 881 518 133 1105 213
1,898
2,727 934 1357 204 806
5,107 269 445 115
1,474 965 1311 684 1199 237 1058 860 1299 1119
15,1229 1130 1355 724
15,564 377 1130 136 1144 1142 564 377 3 1311 514 1191 705 761 636
10,887 713 862 1391 1405 79 1428 810 1391 548 1228 181 313 405
14,622 940 708 1422 1080 934 1422 502 145
1,41 513 1190 546 535 281 846 41 513 1190 546 621 1203 608 148 1045 1112 929
1,547 1000 636 1030 547 1000 881 540 547 792 608 535 1064 1012 777 17
9,1001 274 46 15 981 858 761 900 980 856 1268 1409 74
3,1202 1202 1202 668 734 121 537 121 613 1218 349
11,310 1195 310 1195 1204 1204 85 1422 406 677 894
9,1413 466 1268 367 1047 1432 176 1413 466 1267 1301 1258 1267 675
18,966 1204 247 1032 896 966 1232 128
1,473 327 636 540 1109 607 310 310 310
8,969 649 1263 166 1263 1125 649
19,738 310 1420 486
4,1420 741 1267 940 296 1037 255 789
17,948 948 415 130 948 621 52 1145 94 225 1382 519 1268 67 67 67
19,1289 603 1289 9 668 1301 540 1188 1347 460
15,1394 540 1414 20 1194 163 937 1272 406 397
7,1380 728 152 1419 963 1380 127 1240
3,467 629 53 723 285 244 723 398 723 766 243 1419 723 1434 766 243
0,1149 624 573 164 758 621 1181 401 814 1423 753
8,143 61 54 1431 978 518 1246 1128 143 518
0,511 1361 79 931 272 81 192 111 985
0,382 361 361 1120 493 1177 493
5,377 1273
2,160 171 605 130 18 160 171 937
12,1311 1278 61 1386 1386 310 1112 1431 873 1331 607 1402 1
7,298 358 283 283 283 933 1013 164 298 145 1122 1013
3,1415 1237 1297 1419 989 834 1202 639
15,680 1314 596 136 418
9,533 119 601 473 1013 267 533 607 119 607 1415 241 513 1189 15 1140
15,824 824 806
5,120 806 669 546 1195 1252 271 1012 357
16,1033 1311 959 317 978 1174
16,128 128
15,519 636 519 596 624 406
18,817 817 1443 18 1154 79 608 830 513 1189
15,1130 862 862 1066 178 744 918 226 627 1124 548 124 1092 4
17,599 326 1194 803 1075 621 2 1079 542 15
9,1370 680 1413 1370 680 1413
9,1185 1004 193
11,300 1378 76 985 566
3,1252 1255 929 964 14 14
11,300 1378 448 1177 448 1177 448 653
0,1074 1297 1317 970 734 841 808
5,1289 1289
15,1130 793 1186 755 1130 793 1186 755 22 636 406 880 1363
15,1000 913 699 1158 913 1130 713 1191 136 132 130 255 1079 1398
3,887 879 270 887 1412 853 897 270 406 309 186 1352
9,1415 857 1049 513 1189 1345
9,858 57 858 865 828 1318 1427
7,94 502 1252 94 1122 560 977 172 758 360 380 406 347 561 872 706 706
10,903 931
9,50 1415 1392 1379 806
8,882 859 961 1147 477 1226 766 252
6,68 151 1354 176 758 252 493 512 855 390 537
9,1013 770 553 467 234 1312 1413 553 40
0,571 495 571 776 1389 132 1148 459
2,466 1159 751 61 722 756 1422 466 1160 328
2,61 857 1161 1339 1401 205 1339 1431 618 1200 886 790
17,352 377 1047 1430 1424 1016 624 569 851 1430 564 377 1010 1050 624 52
3,37 540 486 37 294 1162 1112 1112
1,513 1276 1195 1122 136 1276 1190 1237 535 761 743 654
7,93 1185 1005 306 253 822 1425 475
9,822 372 822 1360 466 203 1425 799 771 213
10,1161 120 1136 120 156 929 1430 191 883 475 489 1161 126
17,857 553 1368 743
7,92 902 596 92 674 621 1076 1245 1077 1092 530
15,1333 985 194 1333 1200 548 183 425 1168 1318
18,1421 325 321 1421 1298 435 3 896 493
4,664 473 489 927 1430
9,805 1001 1267 998 770 712 824 1001 149 1331 1336 492 540 81
15,1150 1394 911 1150 917 911 1266 110 110 1149
3,239 112 399 851 488 473 239 112 399 1026 1190 624
17,312 93 822 1424 475 1423 665 653 1422 587 665 970
17,473 872 940 722 60 280 940 764
7,127 855 1330 482 126 1177 482 565 824 1000 1005 126 1004 535 526 601 1434 743
5,910 808 1040 106 949 115 1064 910 50 910
19,966 69 780 780 1431 1305 161 116 675
1,533 513 1189 989
12,1083 1226 617 1226 473
18,1016 922
11,437 293 853 1215 1311 1427 436 637 437 900 935 1318
0,359 963 203 931 1244
15,1130 61 54 711 1219 711 1219 1127 1431 908 493 1108 845 668 397 1031
15,1197 1197 130 900 132 33 236
12,172 762 724 1354 1394 931 762 724 724 124 577 621 339
2,1316 932 803 803 272 1434 315 325 8 255 316 1151 932 690 756 367 754
17,92 540 666 92 734 1311
3,56 228 135 627 32 98 795 32 98 642 620 376
12,663 663 87 961 54 1431 495 665 495 796 804
1,1394 325 1203 325 1203 548 15 899 94
2,872 51 411 940 872 51 411 535 163 1231 121
0,36 361 361 813 1260 361 587 1004 1260 641 806
15,1394 1150 911 1150 201 1164 1162 917 1173 705 761 163 309
12,1413 1413 1413 555 391
0,573 351 566 1004 179 848 631 1088 655
2,456 1193 756
14,61 54 595 1431 893 350 828 18
2,379 379 564 352 1267 568 900 353 761 15 1401 1401 939
5,933 106 916 1399 65 318
15,1229 1065 1130
10,1237 170 278 470 477 1237
12,663 87 961 1240 743 1279 933 124 396
15,1148 1307 1148 1307 1408 21 766 880 1079
2,49 931 49 680 436 1218 680 986 931 1185 437 1078 406 925
6,857 1071 981 317 108 540 758 311 978 743 894
5,106 1130 1130 540 257 729 645 937 716
5,727 509 340 836 393 1248 1431 1086 235 213
3,30 281 62 979 553 311 1240 570 1047 1438 1296 30 535 624 697
15,1229 1267 1130 677
15,1130 1234 132 360 742 766 880 1173
2,751 636 751 88 94 206 549 978 724 59 989 302
6,91 1296 1390 548 978 667 761
2,621 851 488 1240 722 1063 751 455 204
5,381 835 377 902 43 935 436 217 364
15,1130 793 1186 755 1130 793 1186 755 1357 751 605 406 880 1363
12,1308 1220 1308 1026 1130 1196 1422 248 52 761 33
3,1414 50 1123 1414 50 1414 79 1414 52 1300
11,982 1240 738 528 738
18,104 624 1016 1154 1080 270 675 1376 1224 238
0,725 969 646 573 1026
14,1275 237 540 783 343 326 115 132 1185 824 1141
5,1034 1238 1034 835 364 671 221 1224
4,1156 578 1156 1267 940 296 1037 255 789
0,61 1104 1445 1104 1445 1104 1431 449 1011 726 227 136 657 676 569
10,377 707 707 1218 1218 148 377 175 439 655
12,1413 1418 587 889 1316 1217 584 776 521 583 587 1124 304
10,170 894 540 749
1,546 1422 134
2,751 270 1267 1379 1267 1422 751 821 1129 1031 1129
9,797 797 1415 565 797 774 579 1079 406 310
15,1114 1038 329 1130 673 1399 1382 678
19,126 925 540 1140
15,861 501 861 425 257 1379 1153 881
9,491 1191 367 1414
8,585 59 194 962 7 85 585 519 222 1383 743 551
0,1151 1350 1139 791 931 1151 1350 1196 934 371
15,959 1325 108 1302 406 705 459
15,1394 821 789 1151 751 596
1,1309 1435 1245 1312
10,1298 157 540 81 601 1298 157 437 1169
2,437 1080 1298 172 1422 677 292
8,472 1417 6 1431 1224 764 472 1418 978 764
0,734 227 167 1311 561
17,3 1081 558 400 335 1281 1081 3 639
10,1394 746 808 156 746 808 1153 156 430 263 761 639 854
0,1083 447 65 1035 361 1317 1181 401 1024 1074 342 384
14,466 1267 1068 18 1068 913 466 1267 270 853 1028 75 937
16,108 760 917 321 646 760 1028
9,1246 805 307 717 978 325 1011
3,1412 1430 50 869 430 363 1312 931 601 1321 1366 228
14,1292 1410 592 39 230 209 409 555 592 681 170 681 681
0,337 303 1004 1289 540 1423 1306 45
3,1241 762 724 804 312 312 237 807 539 561 152 1418
8,331 518 823 1305 1304 1443 18 688
0,207 1443 573 166 1198 1181 401
7,972 1005 838 972 285 1005 838 838 1141 993 155 839 1170 1370 1013 974 812
16,820 1351 849 848 820 1351 849 874 1420 928 782
5,589 1130 1394 931 835 1196 309
18,594 817 1137 312 594 79 392
10,582 311 391 470 118 1394 379 164 556
11,103 216 1331 1047 937 937 564 1347 1240 667
8,1399 1428 766 169 97 292 1022 1434 139 79 587
12,1034 1308 1419 450 1217 747 715 729 761 1094 1102 1047 840
12,172 762 724 279 636 762 724 1223 339
1,682 1015 736 1013 164 56 473 502 163 547 608
17,513 1190 855 513 1190 1018 957 656 656 301
17,1394 803 540 257 406 163
3,1438 1227 722 239 1379 1438 239 1239 1227 723
15,225 183 1130 578 1154 761 13 742 670
1,498 598 498 267 498 499
13,54 537 1019 117 572 1420 537
18,1204 126 1401 520 573 1121 1111
8,331 310
9,380 1413 380 1415 380 621 551
9,573 540 327 1415 219 1025 1413 1436 548 872 1190 978 761 406 623
13,1034 644 1383 1034 644 1383 350 553 1034 644 1383 665
1,1063 546 718 565 955 1122 1426 276 715 1122 1311 124 1112 51 1283
16,1215 1390 91 1215 1390 91 927 91 758 648 1353 1281 1252 761 13
7,1382 171 13 11 88 1382 171 1267 248 171 239 1292 824 456 239 546 13
12,463 1307 621 463
3,680 834 1412 265 680 838 1162 680 1411 838 740 680 684 1199 1177 332
2,369 624 369 122 465 565 253 122 1425 276 667 297
3,1379 1202 497 989 428 497 1243 473 1154 761 1044 15 1044
3,1424 1004 1195 914 62
10,1042 540 749 1042 1403 1312 575
12,1042 1311 583 83 81 578 666
9,698 662 1415 190 473 698 662 1415 304
1,78 1367 1366 78 43 1194 872 1176 1035 1154 406
5,761 897 1094 1311 1312 311 171 1406 312 720 1102 357 1207 725
5,893 789 17 483 591 1235 387 806 364 121 601 1273
9,112 119 498 564 1195
15,1289 1289
15,518 1130 1153 1173 406 807
1,1136 504 37 533 945 499 38 1326 30 591 204 238 411
19,103 426 1074 1050 431 311 912 621 978
9,111 3 524 111 3
15,1115 1013 1115 501 1115 136 1178 878 1154 1079 1131
3,193 1314 85 1013 237 1314 85 192 1414 730 285 15 124
9,1142 334 379 1413
7,1380 728 152 643 171 1380 1192 1123 1206 1192 371 406 940 459
14,230 1297 977 278 1296 1423 138 476 679
1,473 13 247 546 748 470 444 721 616
0,658 1311 1336 745 1068 913 406 145
2,953 986 1141 354 954 1245 843
12,463 533 61 1431 1419 684 463 916 533 1154 15 302 916 7 533 87
2,986 986 459 306 822 180 822 306 459 1154 132
16,761 761 13 1410 592 1154 743
2,1262 825 187 1052 1233
10,235 436 235 170 1076 235 996 778
15,183 1130 578 183 881 742 137 667 727 199 1102
13,200 1364 1431 350 272 447 1430 661 214 651
17,837 1012 837 210 1218 856 1375 1337 1374
7,1267 1194 1004 1200 1003 518 1370 1267 776 141
4,1178 741 275 1003 35 639 275 1003 35 27 1371 1003 35 275
9,1021 458 1419 801 1123 1415 15
9,1415 1208 1200 379 513 1189 1208 1200 379 1200 427 466 379 466 706
14,230 259 165 293 230 209 1267 559 259 165
12,588 309 830 381
3,466 770 1124 1353 138 1252 742
12,1439 61 1356 761 1134 1356 23 1431 23 1301 1433 1239
5,1034 659 1431 1211 1348 1282
1,876 1381 1380 1332 1187 1380 380 904 1262 171 1253 94 1319 1060 406 919 505
10,120 420 156 255 405
15,136 1130 267 1395 590 856 1000 856 1151 751 406 1094 1386
16,406 229 761 13 743
16,128 928 955 561 1301
15,793 1144 600 564 377
14,1062 801 979 124 1069 1336 925
1,714 546 399 553 1013 994 156 636
9,1013 1415 1267 353 110
1,111 546 172 402 1380 728 152 545 172 1252 1089 435 172 1252 643 1160 1353 1252 114
8,61 1429 208 1429 733 1431 961 1403 859 1045 143 549 52 925 331
15,1394 519 960 1314 156 201 960 1252 406 881 996
10,1034 568 734 1311 540 175 573 758 1428 900 532 1331 568 846
10,1158 1391 1223 175 1110 639
4,61 54 1386 1386 31 102 1431 227 664 931 31 9
15,1394 926 1383 879 270 926 1383 1247 270 1151 766 270 761
1,338 540 777 111 546 171 643 152 1419 245 540 81 338 1228
15,1394 459 753
0,1083 853 561 768 548 761
10,1130 1130 1213 1249 1054 808 880 163 406
15,841 1130 841 1130 696 1269 126 176 1213 136 163
8,1066 1416 495 925 336 540 1278 960 804 1436 660
7,540 540 567 477 715 797 1194 867 737
19,576 576 537
2,294 1115 1379 1173 381 1314 1115 1230
10,1397 1047 978 1159 1154 801 553
3,375 1195 535 724 1013 1056 15 302 302 1298 754 271
2,1034 535 621 1422 684 933 434 1122 1415 621 52
9,1415 1415 1414 1160 1122 1415 7 15 938 710
17,220 626 13 1028 13
1,380 1262 1084 380 1250 1381 355 1250 355 879 380 513 1190
5,61 1431 164 504 910 1418 482 1106
12,61 54 1431 521 766 1392 814 1410 14
9,491 491 1413
12,950 1136 1240 722 1120 950 768 1136
17,621 1394 546 703 355 586 306 703 355 518 754 624 52 761 1078
2,872 51 411 940 872 51 411 535 163 1280 1252 722 1222 540 749
14,1202 237 1419 688 473 1202 237 1013 678 978 43 762 347
10,1036 1034 379 1181 627 589 1208 3 993 155 1097 481 884 182
6,1390 229 993 259 917 1034 424 91 88
12,1291 1042 1307 621 535 13 1291 1042 1307 665
11,661 574 1317 978 1347 731 720 745
9,1415 678 1252 837 761 940
6,1130 11 1389 1029 258 978 601 3 507
12,519 519 140 540 884
5,1289 603 603
18,505 363 922
15,853 248 761 724 606 931 1096 1394
1,455 473
15,1287 501
14,1047 761 54 1145 1431 601 254 761 13 254 677 544 254
17,917 465 1211
8,1290 1290 483 158
7,67 1381 67 824 1381 824 546 171 786 786 1277 1362
1,1162 95 518 438 1188 112 1168 426 979 801 274
3,239 1286 88 1287 407 239 546 1287
15,621 266 1394 855 621 722 266 636 1142 406 621 63 148 1267 816
9,189 1254 568 350 483 1103
7,819 963 346 624 819 636 819 963 1383 15
11,184 218 350 553 184 218 553 1405 667
7,1359 855 1357 833 114 947 546 171 171 621 1034 684 455
3,1167 1013 1167 1013 88 1437 1026 366 272 1013 593
17,509 180 1083 897 722 978 872
15,802 1144 596 802 1336 540 1424 257 926 1173
12,61 54 1435 785 89 582 87 675 1145 82
2,225 429 767
8,859 609 1016 978 406 34 1138 1224 1352 1444 144
3,1004 1071 442 897 1020 897 1419 717 613 717 783 52
0,167 535 624 1327 1336 167 15 656
9,367 1431 564 352 815 502 866 1379 866 80 1419 628 80 1103
0,523 1041 1422 1258 535 410 5 1282 610 1111
0,1024 473 624 383 1024 1432 1080 1011 743
1,766 810 1005 111 607 354 111 111 355 1253 111 608 564 1336
15,1130 908 493 1108
1,152 172 152 1382 171 88 171 276 1041 1415 933
10,1038 330 557 708 1038 329 606 646 111 1265
2,310 956 480 94 801 264 981 1070 882 1385
7,524 824 1004 824 1004 1267 256 759 824 524 824 441 159 621
15,1308 1308 1405 55 1405 294 258 54 548 1216 425 282 1237 887 723
1,773 722 375 773 15 413 1338
0,345 1068 621 1044 875
13,537 1019 643 769 574
11,1207 690 1240 1409 1352
1,1101 79 1034 267 1101 1066 550 118 241 241
1,1380 379 573 1380 379 171 254 171 1419 379 513 1189 857 1161 761 15
2,72 1142 1222 1432 334 379 49 1115 377 1047 72 499 1142 152
17,771 415 732 335 1394 415 758 732 335 820 742 771 1206 771 1151 595 595 1119
10,618 763 263 934 406 1343
1,247 641 724 247 306 1195 565 572 100 406 1088 581
