15,136 501 888 911 1119 1130
15,163 535 578 636 996 1035 1079 1130 1151 1173 1180 1220
1,112 347 439 466 467 763 800 1104 1430
10,170 555 767 862 1152
3,88 111 122 157 204 504 776 818 924 1032 1122 1248 1255
12,518 588 668 806 1417
1,41 111 251 473 513 773 904 953 1122 1189 1203 1248
12,87 291 519 706 783 875 1034 1045 1442
3,285 345 800 860 904 1057 1413 1415 1430 1433 1437
18,43 185 319 489 542 556 669 695 847 1034 1204
8,13 317 585 761 826 898 969 1103
11,314 481 548 667 872 1050 1058 1068 1215 1311 1313
8,55 519 960 1226
18,164 502 653 956
15,122 270 518 722 809 917 1107 1240 1320 1394 1396
15,93 132 442 771 822 1173
5,142 224 414 517 542 557 761 789 823 836 893
2,18 295 339 345 495 513 568 624 632 735 797 1443
18,16 61 236 310 1005 1174 1238 1267 1297 1431
13,218 500 1073 1182
12,163 291 393 477 707 1233 1286 1442
15,136 1130 1168 1209 1442
8,123 419 583 806 960 1080 1416
1,203 269 468 568 701 728 760 846 944 1047 1100 1431
8,7 140 195 292 532 753 1066 1135 1177 1314 1427
11,350 410 981 1052 1319
17,20 84 140 159 248 572 725 1074 1162 1268
2,49 145 389 1289
17,864 1200 1320 1372 1386 1401
3,43 166 459 628 630 761 829 1165 1426
18,330 736 1005 1045 1204 1297
17,18 111 203 246 385 806 1157 1406
12,15 61 302 463 533 534 684 806 916 1154 1217 1419 1431 1439
9,53 163 221 406 779 937 1009 1092 1273 1342 1413 1415
17,265 579 746 1016 1075
0,81 473 531 624 682 705 846 1443
1,171 209 761 876 1013 1262 1332 1380 1381
15,540 572 929 994 1130 1191 1194 1425
18,108 533 607 707 830 877 917 1135 1361 1384 1404
15,71 523 531 537 591 631 639 1002 1130 1283 1425
1,15 299 461 546 624 810 1015 1158 1185 1267 1419 1428
3,328 621 717 947 1076 1234 1248
7,15 109 126 165 473 513 624 640 1189
1,231 338 540 573 1004 1013 1052 1122 1228 1237 1418
10,621
1,137 237 473 678 967 968 1162
15,222 766 880 1342 1394
9,85 94 237 372 406 492 513 621 1190 1337
8,97 446 477 724 890 1065 1278 1319
15,510 636 639 671 722 761 888 898 1130 1154 1311 1415
1,287 445 527 636 761 945 1013 1078 1230 1394 1432
3,191 241 1221 1388 1426
7,80 81 295 306 377 744 806 931 1005 1197 1274 1317
2,15 260 535 546 680 838 972
15,201 283 479 636 794 797 833 974 1173
3,158 246 455 621 724 1014 1415
15,13 314 587 619 748 777 875 880 990 1046 1158
5,495 589 712 1336
1,546 572 573 745 806
13,392 479 666 954 1300 1348
1,70 171 239 466 473 513 722 885 1240 1252 1294 1331 1344 1384
7,33 240 311 446 666 763 797 1032 1435
12,518 548 679 740 1440
2,171 172 546 599 782 1339
10,13 15 632 724 762 936 1211
4,48 134 1348
10,77 111 522 525 1394 1425
1,32 98 135 376 466 620 627 642 795 984 1004 1045 1294
2,52 88 94 206 728 751
9,163 263 441 805 1244 1311 1382 1415
3,61 262 624 646 1219 1336 1431
1,268 498 623 758 984
1,64 196 197 367 466 509 533 918 958 1013 1015 1271 1309
15,171 459 619 761 822 1151 1394
9,239 944 945 1240
1,341 502 576 735 743 816 1270
2,176 187 221 621 782
1,499 684 851 963 1068 1069 1199
10,11 175 182 293 412 652 689 709 724 884 1316
15,171 257 344 433 540 775 952 1130 1173 1192 1350
9,531 776 1000 1015 1352
17,18 48 273 415 443 978 995 1034 1076 1286 1311
17,61 248 530 672 873 1102 1222 1431 1441
12,132 238 242 311 761 1337 1419
15,4 206 1078 1154 1307 1394
7,771 824 1111 1212 1219
6,91
7,166 255 322 507 639 872 940 1281 1322 1352 1444
18,473 534 608 636 830 897 990 1135 1229
1,513 534 803 824 1123 1262 1384 1415
10,728 761 855 927 979 1006 1034 1094 1187 1394
7,15 122 266 377 535 564 659 674 684 753 761 1163 1183 1199
7,406 1240 1394
2,702 776 1192 1352 1446
3,761 1241
2,16 156 270 388 389 594 601 684 899 1007 1162 1283
3,108 437 467 1159 1169
18,261 391 650 847 1013 1204
8,678 724 938 1031 1312 1322 1352
2,118 482 735 948 1004 1111 1185 1252
3,112 228 267 466 505 533 755 940
3,59 844 877 910 1414
10,371 410 760 827 906 933 1311 1321 1442
1,37 267 270 294 467 484 533 1047 1061 1071 1276 1294 1354
9,459 491 622 761 940 1146 1349 1415
12,199 433 519 579 743 744 870 1055 1124 1279 1302 1442
5,13 115 136 204 226 263 309 406 410 925 1130 1152 1321
13,310 313 557 573 691 1317 1331
11,215 216 383 384 574 579 625 661 727 776 931 1053 1073
8,15 238 393 518 585 978 1117 1220 1408
0,445 571 894 934 999
2,52 256 549 621 624 851 1171
17,309 471 631 660 1283
15,263 755 823 824 880 1041 1056 1130
9,13 171 338 380 473 513 761 868 1011 1159 1214 1240 1273
1,246 248 546 563 621 624 931 978 1195
3,15 251 356 406 629 753 816 818 1079 1349
11,5 103 1379
9,8 61 513 904 1190 1230 1415 1419
16,176 458 702 1078
1,15 474 513 718 758 1062 1189
2,250 579 684 996 1186 1199 1329 1364
10,54 61 405 412 413 745 1398 1431
3,50 228 354 844 890 1005 1020 1159 1160 1311
19,43 263 406 520 668 853 869 879 978 1034 1062 1083
9,192 243 286 466 467 770 934 1354 1383 1398 1413 1415
7,146 197 341 443
9,348 362 502 636 797 805 1080 1211 1377 1398 1415
2,94 264 278 310 435 480 801 882 956 981 1070 1077 1357 1385
9,219 254 373 513 1189 1360 1415
18,871 1354
15,1187 1394
2,458 594 621 761 899 935 1013 1078 1283
1,201 540 724 978 989 1103 1122 1205 1353 1386
11,214 238 447 535 1032 1235 1268 1376 1419
3,382
12,19 131 587 743 889 951 1278 1310 1316 1334 1413 1442
19,95 262 663 723 1174 1301 1408 1431
12,22 24 87 124 141 234 289 293 573 938
4,61 563 577 979 1049 1100
2,213 488 535 771 787 797 1032 1186 1323 1357 1434
2,354 389 621 821 953 986 996 1035 1089
5,287
8,86 143 262 293 454 688 846 858 961 1220 1257 1419
12,13 245 371 548 621 665 761 761 1159 1226 1340
9,15 25 61 166 238 422 466 805 1252 1280 1352 1431
9,61 189 367 805 806 988 1254 1331 1415 1431
2,283 341 546 743 751 766 1347
6,134 176 568 713 992 1431
12,371 581 677
0,79 181 361 535 1055 1230 1317
0,351 602
12,171 314 495 551 1140 1222 1420 1431
7,70 124 147 380 432 447 524 540 561 1004 1267 1415 1434
18,347 496 684 743 857 1088 1095 1406
7,109 111 122 203 596 786 832 1224 1265 1277 1362
9,51 407 459 761 941 1079 1124 1352 1389 1394 1415 1438
0,66 361 609 625 980 995 1149
5,106 276 406 506 632 835 978 1063 1074 1133 1148 1173 1303
15,159 162 171 639 766 772 806 828 880 1343
15,501 861 996
10,315 728 766 1136
9,50 353 466 473 601 628 694 1085 1415
10,11 175 182 293 336 412 652 689 709 724 884 1316 1435
1,78 94
3,52 237 285 607 781 851 1132 1202 1414
1,15 468 851 967 968 1044 1118 1187 1311
17,120 394 403 1034 1264
0,66 136 473 732 924 1034 1296 1311 1331 1395
9,379 455 513 638 805 1074 1189 1200 1208 1415
3,549 673 1162 1269 1299 1411
0,511 811
15,52 173 248 271 549 654 690 799 873 918 940 1035
4,153 176 515 527 776 1027 1208 1443
12,97 124 300 388 728 806 857 994 1036 1175 1198 1297
1,32 98 135 376 576 620 627 642 795 886 985 1005
11,300 392 985 1059 1378
9,327 628 866 1415
15,111 163 171 239 511 793 880 978 1130
6,668 684 1140 1240 1420
9,171 379 621 1283 1382 1394 1414
3,163 165 237 394 473 773 818 1014 1162 1188 1202 1415 1437
10,125 156 170 313 528 806 813 827 902 918 947
10,293 931 1301 1302
12,77 1058 1073 1172
17,15 231 288 442 1052 1154 1311 1394
11,214 542 1092 1398
17,105 743 991 1115 1368
17,147 171 210 621 948 1394
17,47 536 976 1297
3,49 313 382 541 805 908 956 1012 1105 1154
12,853 1241
9,70 380 513 701 1003 1189 1344 1415
15,163 266 377 406 511 793 793 1130 1144 1425
2,17 52 698 983 1000 1064 1292 1366
3,239 294 580 761 924 1438
5,15 894 1021 1083
2,171 406 751 1130 1394
10,40 120 170 175 434 561 734 760 1033 1428
10,54 61 405 413 918 996 1200 1233 1398 1431
2,187 398 1422
2,339 353 755 909 1142 1240 1242 1314
18,350 1045 1069 1139
1,15 119 150 268 373 455 498 559 736 749 905 1122 1248 1353 1398 1415
1,123 211 222 229 542 621 761 1090 1205 1240 1352
11,300 460 566 727 1378
9,157 245 301 1003 1011 1298 1415
17,363 596 665 975 1163 1264 1265 1331 1419
17,84 406 1079 1248 1311 1375
13,54 65 514 537 668 1019 1059
0,897 1251
11,218 272 302 646 920 1131 1224 1396
9,15 191 597 598 770 1013
12,54 61 124 163 587 889 898 1131 1413 1439 1440
2,436 573 659 761 1195
18,603 1289
11,127 193 311 448 667 720 804 1047 1056 1063 1331 1392
2,49 92 394 628 673 751 1052 1076 1084
10,66 88 163 170 176 180 206 392 509 788 872 918 997 1154 1202
0,602 761 1092
0,621 792
0,257 361 401 424 761 1092 1181 1295 1419
17,105 743 991 1115 1368
9,90 309 346 466 963 1379 1388
12,46 61 89 582 785 790
15,15 59 73 621 761 1031 1247 1394 1398 1424
3,838 887 1091 1123 1248 1317 1422
2,92 152 192 562 870 872 1004 1119 1296 1418
9,64 77 202 203 467 498 666 904 906 1003 1196 1311
14,307 309 854
15,100 183 556 573 668 749 931 1108 1122 1238 1318
4,324 398 906 978 1312 1444
17,114 171 204 335 379 540 643 650 732 806 1195
0,549 579 624 941 1016 1088 1133 1138 1194 1235
8,19 104 129 144 518 1111 1296 1311 1416
2,42 254 665 1218 1324
17,54 526 553 554 743 857 1340 1368 1431
2,75 94 171 239 365 440 617 872 981 996 1385 1419
15,377 418 548 564 600 828 1004 1122 1153 1169 1173 1359
15,3 33 236 377 442 1142 1311 1443
8,143 518 978 1128 1246
9,15 177 197 263 347 406 491 550 747 1361 1413 1415 1446
19,103 215 509 724
9,61 185 310 367 459 507 811 848 940 1267 1415 1431
5,33 61 277 314 364 387 509 535 836 857 930 939 1431
7,43 153 573 872 1331
13,9 422 500 535 804 1073 1182 1233
2,435 539 833 1264 1357
12,558 584 764 769 872 961 1117 1120 1127 1181 1352
7,171 360 367 380 548 706 824 881 974 1130 1153 1157 1353 1425
1,15 639 1317 1394
9,34 621 805 1422
15,136 257 305 406 996 1017 1119 1130 1200 1201 1250 1394
17,204 806 996 1265
15,171 345 406 605 636 751 880 1130 1192 1363
15,840 1130 1196 1382
0,79 832 909 1006 1200
10,170 456 964 997 1069
9,197 295 354 482 593 998 1004 1141 1420
8,116 282 383 535 556 657 710 743 859 952 1231 1237 1289 1431
15,129 163 179 257 263 393 540 808 1130 1210 1267
7,464 787 850
12,54 61 124 274 898 1131 1354 1439
14,473 679 1026 1289
17,92 172 233 430 560 827 1039 1166
3,467 698 743 978 1000 1001 1062 1138 1235 1384 1415
2,156 756 1242 1289
15,54 61 308 310 631 1240 1289 1429 1431
2,231 605 751 803 902 1081 1193 1357 1358
10,77 118 126 176 200 247 314 316 633 875 1325
16,574 920 992 1316 1443
9,243 348 367 467 573 617 752 955 1407
0,176 561 592 792 851 934 1327
12,54 61 87 374 663 704 961 1050 1074 1431
9,9 542 553 857 1195 1200 1267 1292 1367 1415
3,88 132 186 246 406 459 621 761 858 940 1088 1324 1415
10,120 262 621 641 658 801 853 1050
15,115 141 391 477 479 615 721 876 900 911 1173 1209 1393
10,77 170 411 540 587 1177 1194 1296 1297 1427
17,1289 1425
17,13 15 248 371 766 940 1184
19,69 455 540 572 799 815 918 931 978 979 1050 1051
17,110 318 460 720 746 837 1266 1331 1395
8,151 313 410 518 723 776 922 1304 1416
15,163 509 636 841 1130 1239 1269
2,152 160 171 306 514 573 639 807 993 1192
19,126 138 199 738 1182 1196 1302
7,621 761 824
15,1289
7,81 245 283 540 922
1,163 251 546 596 718 1203 1379
15,13 579 883 1125 1130
7,166 436 524 526 572 636 776 1267 1322 1365
16,13 108 229 581 722 761 761 1046 1048 1419
9,15 261 466 467 535 587 844 856 1193 1248 1267 1311 1326
1,513 773 1025
14,52 209 210 247 409 526 549 964 1026 1130 1230
15,171 241 365 761 793 880 1130 1328 1382
17,44 210 344 385 549 624 752 996
17,635 765 921 1240 1348 1443
15,356 453 490 548 619 631 682 761 835 1079 1394 1429
11,73 101 218 410 540 761 1013 1015 1079 1247
2,52 580 766 824 850 1047 1089 1090 1123 1194 1230 1301 1317 1336
13,537 540 738 928 1019 1206 1425
17,61 126 127 144 270 540 777 1028 1431
10,170 324 410 512 788
14,513 542 621 753 1140 1230 1431
4,578 926 982
5,61 135 426 659 1099 1400 1431
3,15 56 228 1013
0,791 1138
3,1202
3,207 516 555 949 1007 1013
2,49 239 250 354 824 932 1381
3,563 624 964 1023 1052 1252 1311 1415 1422
16,440 586 765 1126 1352 1385
2,393 406
2,407 686 853 1287
15,283 501 609 634 996 1151 1173
1,52 156 248 368 370 536 621 767 945 946 980 1013 1187 1291
12,300 473 636 704 848 939 1189 1226 1355
3,15 63 428 473 497 761 989 1044 1154 1202 1243 1379
10,262 737 746 981 1004 1093
10,61 124 1431 1444
6,455 612 826 856 894 901 1047 1311 1390 1434
3,514 568 681 722 769 816 892 907 1422
18,513 562 724 1154 1180 1189 1204
18,15 265 522 665 1191
13,54 537 573 928 1019 1060 1297
11,300 758 928 1378
0,300 384 648 1258 1271 1327
7,49 171 245 266 596 700 1195 1210
18,230 343 857 872 1137 1227 1289 1406
1,359 416 761 1309
9,34 49 353 353 565 596 751 1047 1210 1283 1415 1422
1,42 64 397 473 502 944 1103
1,28 52 369 624 726 761 963 965 1068
3,346 455 553 684 718 724 761 935 963 1195 1199
10,146 170 212 305 392 578 710 1021 1235 1422
1,70 171 277 996 1344
7,19 246 286 548 553 596 601 1266 1295
15,11 12 34 496 1130
9,171 198 338 347 380 1214 1355 1381 1413
15,156 263 266 406 511 802 1130 1394
17,52 127 220 322 326 396 471 540 624 1063 1195 1394
4,255 296 789 940 1034 1037 1267
15,257 328 425 761 861 1130 1154
1,342 761 775 995 1236 1379
17,74 172 198 276 329 925 1039 1151 1166 1225 1364
7,171 209 211 219 239 379 380 1336 1382 1398
9,49 379 665 1000 1297 1394
19,666 776 780 928 931 976 1396 1431
7,157 171 636 793 833 916 996 1151 1328 1381 1394
17,44 210 308 754 1311 1389
5,614 922 1130 1196
7,13 30 166 168 514 705 853 1339
0,18 248 361 383 497 540 568 625 815 828 1060
18,43 185 319 489 556 669 847 1034 1204
7,527 640 722 972 1004 1005 1013 1243 1346 1432
16,279 293 592 873 993 1302 1398 1410
15,377 485 636 705 801 904 1130 1178 1325 1415
7,338 536 537 759 1201 1228
4,647 981 993 1034 1049 1243
0,82 130 201 312 333 728 811 1011 1251 1425
3,17 83 239 310 624 696 825 996 1033 1123 1159 1195 1267
15,72 185 194 587 636 987 988 1153 1394
5,3 106 156 207 238 299 364 490 570 658 761 764 853 1079
19,108 438 975
19,54 61 69 370 472 473 778 857 966 1140 1421
15,5 62 126 328 352 456 636 914 999 1032 1079 1286
2,10 15 122 123 239 636 638 668 758 761 777 893 1213 1382 1419
3,761 973 1241
18,60 340 765 851 896 922 1023 1366 1367
12,782 1242 1399 1399 1406
3,1111
4,31 1179
7,52 70 406 545 576 729 1003 1078 1112 1213 1253 1344 1379
11,300 320 745 1378
1,29 42 237 428 466 498 607 979 1202 1203 1218 1244
2,23 94 264 382 480 536 540 801 882 956 981 996 1070 1385
15,94 126 255 440 501 894 898 1230 1385
0,65 232 257 511 978 1035 1098
11,121 309 537 548 745 1188 1202
5,377 421 633 649 719 1110 1263 1433 1443
2,572 591 629 638 822 822 860 917 932 986
12,657 1230
12,371 558 562 573 655 796 826 1147 1431 1440
15,1173 1394
10,105 247 263 276 406 621 777 934 1212 1343
5,120 236 257 314 540 548 564 621 808 1153 1168 1331 1394
19,69 297 554 675 687 727 831 966 1127 1267 1431
7,111 266 475 706 734 783 802 990 1151 1336 1394 1425
17,61 79 180 473 474 637 736 922 1329 1431 1436
1,252 724 853 895 897 968
2,132 187 596 753 824 1136 1169 1204 1264
10,81 121 157 437 540 820 860 996 1201 1301 1419
1,29 285 309 553 984
3,171 245 436 609 645 667 667 976 1030 1092 1165 1195
1,111 158 171 270 379 380 591 715 842 853 860 1355 1380
2,249 276 377 573 636 793 798 1074
1,52 354 366 453 461 624 722 860 1026 1167 1187 1384 1394
7,15 26 118 298 358 406 455 639 1082 1400
7,284 290 513 853 1113 1122
1,34 350 451 513 560 621 624 751 858 1189
3,50 126 237 317 669 761 855 1014 1202 1414
16,131 154 494 561 766 849 892 928 1222 1311 1351 1427
14,51 79 347 409 553 979 1079 1088 1139 1235
1,15 111 285 299 367 467 509 540 774 1013 1045 1083 1136 1170 1296
18,350 459 672 1204 1272
17,15 61 171 302 421 760 1151 1324
8,55 349 406 893 1098 1103 1147 1248 1292 1349 1431
1,79 223 270 312 540 591 665 761 1270 1284 1316 1405 1415
11,176 222 406 467 553 586 874 978 1050 1222 1243 1397 1419 1444
4,647 683
1,245 270 378 423 730 869 879
5,17 106 136 616 684 903 1237 1340 1419
15,115 176 263 706 753 1394
7,1005 1115
5,106 120 156 310 406 587 636 761 940 1078 1105 1389
3,239 267 416 467 607 672 983 983 1141 1369 1383
3,52 498 534 624 804 1369
15,163 227 288 354 368 406 501 696 759 779 824 1140 1250 1381
15,10 44 77 178 257 425 501 613 731 753 985 1267
15,93 156 201 201 751 761 798 822 988 990 1148 1394
17,201 466 579 766 768 1085 1373
10,81 137 202 203 369 589 646 1034 1093 1095 1201
15,55 201 206 312 761 940 1031 1099 1129 1307 1334 1394
14,142 259 1405
12,138 309 386 583 588 697 707 1217 1413
19,576 1140
9,52 53 367 549 819 838 1123 1413 1414 1422
1,341 668 981 1214 1380 1394
9,111 111 119 267 467 608 1101 1424
8,151 886 922 1261
1,2 72 110 144 179 180 332 370 466 513 718 743 845 1143 1154 1201
12,583 679 806 1066 1413
15,501 744 908 1191
12,463 621 931 1230 1307
9,9 52 354 367 416 467 542 712 1079 1170 1195 1415
2,187 293 374 535 638 678 825 844 868 1090 1252 1281 1382 1422
12,87 124 309 663 898 961
4,133 611 647 810 832 978
3,41 58 237 473 513 624 851 1132 1202 1411 1412 1432
5,106 161 378 540 716 916 1057 1106 1298 1400 1431
15,45 71 255 523 531 631 639 775 1002 1130 1283
2,94 264 480 698 722 801 882 956 981 1000 1070 1252 1280 1385
1,57 253 533 540 573 761 857 1015 1178 1447
4,27 35 275 639 1003 1156 1238 1371
10,15 170 235 418 525 761 1079
17,15 309 502 519 549 750 1018 1029 1239 1424
9,201 429 563 938 1039 1041 1170 1204 1240
7,17 157 166 249 255 524 715 761 897 996 1161 1225 1267 1288 1299
7,171 557 786 824 1003 1089 1252 1422 1433
1,38 111 285 286 386 533 540 637 685 946 1336 1346
2,8 15 24 57 187 231 289 751 803 937 1213 1345 1410
3,455 553 1082
1,367 542 1141 1170 1370 1380 1422
1,345 473 534 637 706 773 1248 1306 1336 1339 1374 1394 1408 1427
8,108 734 853 859 1235
1,52 119 263 445 533 546 549 851 1083
9,191 770 1013 1035 1369
1,15 37 156 429 474 540 636 751 766 972 1015 1195
1,15 126 540 546 761 875 1063 1154 1262 1381 1394
3,323 411 615 629 630 717 766 804 1204 1237 1384
15,26 406 519 604 878 940 1130 1150 1151
1,171 263 1101 1104 1382
18,423 722 766 857 922 1027 1177 1443
2,234 237 352 535 751 789 902 985 1230
15,162 176 257 425 501 636 761 772 1316
14,265 364 742 758 1009 1074 1196 1220 1222 1233
2,49 312 455 464 824 850 860 994 1101
13,45 61 215 310 691 1431
9,54 406 444 498 593 697 735 761 810 925 1218 1370 1435
9,12 13 466 846 1086 1159
0,337 351 383 1334
14,173 237 326 540 693 1271 1275
9,47 90 265 467 598 770 805 931 1013 1098 1415
1,24 422 503 575 587 919
15,1 136 636 650 881 1130 1154
1,164 348 466 513 545 546 1013 1309 1315 1447
15,149 156 163 283 459 634 636 1092 1162 1173 1184 1268
15,13 579 883 1125 1130
15,270 367 443 501 657 761 904 996 1079 1342 1377
6,33 91 240 568 811 894
9,466 563 797 828 1123 1415
7,192 648 824 825 1072 1212 1415 1442
15,1289
16,34 139 449 540 543 639 649 658 1267 1365 1393 1431 1441
17,163 758 917 918 1039 1132 1166 1202
9,761 917 1013 1079 1379 1415 1419
1,37 490 722 868 904 1195
4,31 102 515 688 1297 1321 1352 1372
12,176 538 943 1202 1311
13,29 500 1073 1182
1,52 246 466 467 545 904 984 1022 1353 1419
3,43 333 362 545 546 624 636 879 1009 1026 1154 1203 1291
1,3 166 237 278 513 684 753 1013 1075 1202 1268 1322
17,322 326 403 404 759 760 778 858 872 898 1139 1240
1,513 535 1008 1190 1236
18,550 653 736 790 1005 1347
12,174 785 961 1311
5,204 364 761 763 1063 1218 1311
10,589 724 762 1241
8,859 935 1088 1278
4,1175 1396
3,13 513 1379
7,43 352 485 753 761 868 978 1004 1036 1047 1346 1430
7,13 406 418 678 742 1154
0,7 207 333 1055 1062 1268
1,52 549 761 809 905 964 1195
10,350 438 456 488 996 1145 1153 1183 1289 1312 1396
12,310 556 693 951 1278 1310 1407
7,150 163 164 209 270 284 367 485 541 629 634 745 803 872 1319 1387 1415
2,61 205 377 613 791 871 1115 1315 1435
1,164 406 436 546 573 1013 1015 1170 1297 1401 1415
1,546 819 1080 1224 1256 1332 1380 1381
3,15 122 546 1248 1252
5,61 217 665 765 857 1005 1431
15,72 356 501 1197 1240
12,954 1052 1110
1,138 234 267 467 498 502 773 1056 1293 1316
15,54 163 239 265 396 636 761 1075 1130 1151 1341
19,43 297 675 687 844 931 1034 1035 1127 1312 1431
7,111 171 211 239 266 406 579 731 786 933 978 1041 1252 1380 1382
1,15 24 37 47 237 375 399 422 503 575 587 596 919 1015 1187 1394
13,54 481 537 784 863 1019
12,54 61 295 433 812 950 1431
8,36 169 232 419 452 518 519 782 930 959 1386
13,54 444 537 811 1019 1300
8,134 452 573 579 743 853 1175 1416
9,202 323 698 913 1000 1224 1299 1352 1425 1445
9,65 112 113 119 126 498 686 977 1093 1195
15,59 161 684 696 827 872 1394
3,6 181 628 667 722 754 935 1078 1086 1122 1159 1376
3,15 367 431 563 572 904 1124 1414 1415
8,564 1004 1311 1434
0,406 549 579 624 963 989 1034 1072 1094 1312
1,49 547 607 700 1000 1001
12,15 302 463 533 684 916 1154 1419
12,138 938
17,731 772 777
1,467 1240 1384
17,50 248 263 306 624 639 641 843 1016 1326
7,270 359 775 851 1013 1340 1368
7,136 244 255 266 310 402 573 758 1142 1192 1267 1380 1382
9,368 379 380 781 948 998 1000 1415
1,406 466 498 499 533 621 1429
3,426 981 995 1112 1303
2,49 379 406 573 700 1000 1379
13,61 214 465 473 723 734 761 898 1069 1079 1431 1443
3,15 85 461 598 800 804 1013 1015 1177 1194
11,300 810 928 1378
1,15 186 335 636 761 778 1154 1245 1252
19,103 478 535 537 691 701 780 857 1432
15,63 111 122 406 508 634 636 794 797 881 1041 1130 1151
12,1439
7,418 473 981 1034 1047 1301 1331 1419
0,164 177 386 1330
3,50 163 473 535 834 1013 1143
18,21 258 540 922 1032 1180 1191 1301
18,54 61 278 465 694 776 801 896 1273 1340 1431
8,131 419 518 540 829 1032 1114 1177 1272 1394
1,108 127 237 540 636 761 1016 1046 1052 1086 1240 1424
15,84 338 365 535 538 761 963 1083 1107 1151 1154
3,761 973 1241
11,13 215 391 507 742 761 762 1069 1092 1140
15,670 880 963 1130 1151 1325
12,87 454 473 761 1240
0,29 350 384 540 553 769
0,130 312 361 627 725 867 1039 1271 1313 1333
12,174 917 960 1158 1226 1427
15,171 580 793 797 926 948 974 1087 1173 1252 1256 1381 1394
12,104 473 639 675 769 806 829 959 975 1034 1270
2,49 256 406 824 932 997 1034
7,191 377 381 600 802 866 1191 1419
16,722 801 864 977 978 1314
3,43 52 191 193 473 598 782 994 1297 1414 1419 1438
12,724 762 768 1158 1165 1279 1427
8,83 713 859 1154 1394
2,94 210 264 310 314 344 480 801 803 882 956 981 1070 1331 1357 1358 1385
11,46 285 931 978 1093 1405
8,52 144
12,15 217 291 406 542 722 1240
6,52 316 317 473 540 668 719 954 1035 1078
15,313 386 418 824 917 1105 1381 1394
3,52 115 239 400 549 783 895 1292 1410 1414
4,684 1352 1372 1434
12,163 486 558 764 959 1120 1127 1311 1352
12,52 206 291 724 762
0,176 474 535 909 1062 1190 1394
1,267 306 465 473 499 607 608 953 971 1013 1101 1294 1373 1432
17,21 667 722 723 985 1194
9,90 119 267 347 467 497 983 1016 1177 1370 1377 1388 1424
12,54 61 82 83 156 743 812 960 1138 1147 1182 1431
15,22 162 535 1079 1105 1394
1,285 294 456 466 485 945 1013 1367 1425
9,15 56 61 219 272 513 578 616 749 1189 1257 1379 1415 1431
11,207 300 784 1378
4,7 420 421 672 692 831 957 1055 1252
17,131 210 801 837 856 1012 1218 1311 1337 1374 1375
15,13 406 418 678 742 1154
17,58 164 385 466 621 1016 1447
2,15 156 234 556 761 779 941 986 1032 1092 1103 1122
3,132 317 553 597 598 652 834 954
16,76 392 494 580 606 702 708 849 892 1351 1396
0,36 108 153 361 728 1080
17,79 248 473 722 872 940 942 1047 1291 1422
18,308 450 645 882 1013 1111 1137 1162
15,159 250 442 680 766 822 880 1130 1287
3,47 81 332 408 540 857 879 923 924 1205 1253 1379
2,1031 1129 1267
5,17 49 106 255 303 589 925 1034 1063 1106 1311 1394 1431
9,93 129 197 436 1122 1230 1268
9,627 822 1013 1131 1164 1287 1394 1415
1,309 743 857 1195 1431
12,79 507 675 688 1419
1,246 417 546 568 799 858 1303
11,214 215 386 406 424 572 928 1062 1092 1421
0,79 660 758 777 924 934 1034 1095 1405
7,109 465 624 640 767 1013 1014 1330 1335
1,64 267 466 498 1195
9,15 168 308 380 513 684 730 851 1000 1061 1413
7,15 255 643 753 761 794 1041
6,279 894 1130
15,1130 1195 1353
2,310 473 510 565 595 751 848 1085 1200
1,761 804
9,573 875
17,136 758 1007 1274 1425
11,15 126 127 313 540 761 963 1079
9,367 507 1267 1415
18,573 1072 1204 1318
15,353 614 772 880 888 996 1130 1357 1422
11,420 745 804 1049
1,268 484 533 766 1240 1276
16,61 229 823 925 995 1013 1181 1418 1421
10,311 481 707 776 870 1054 1181 1194
8,535 675 676 704 761 893 943 1043 1134 1147 1356
5,17 303 716 810 1394 1431
7,150 164 270 284 367 485 487 541 629 745 824 1201 1387 1415
12,79 115 339 462 584 588 657 1141 1155 1172
9,96 141 310 347 379 431 553 586 596 752 761 1000 1047 1079 1243 1415
3,43 138 818 1034 1159
10,410 489 552 567 715 734 931 1122 1321 1441
11,300 745 1378
19,508 570 624 644 648 702 978 1060
1,52 126 253 535 607 1068 1221 1282 1314
15,163 459 636 1092 1173 1184 1268 1323
10,175 379 388 462 512 734 745 954 1311 1443
9,6 9 372 498 722 761 853 857 1047 1049 1376
9,243 516 681 931 1210 1415
0,124 167 184 280 337 811 954 1062 1245 1311 1327
11,52 553 621 817
13,724
7,61 438 551 553 573 797 1047 1218
2,353 408 751 1013 1047 1353 1370
2,159 353 599 638 674 751 806 1032 1202 1210 1339 1347
0,573 842
5,277 280 395 865 931
17,281 403 874 918 1035 1238 1408
12,87 663 961
12,291 766 806 826 839 843 901 1035 1117 1171 1316 1431
15,130 136 157 255 377 501 564 615 793 908 1144 1270
7,285 367 436 455 690 692 744 853 1034 1035 1311 1418 1430
1,112 113 267 467 498 658 747 1139 1195 1446
3,64 184 196 453 734 834 1159 1425
3,172 402 697 1252 1382
9,440 542 670 695 847 894 1195 1415
13,61 96 141 179 221 779 872 1384 1431
8,609 959 991 1034 1067 1128 1278 1311 1398
17,49 310 403 473 660 822 874 918 988 1195 1422
7,17 245 402 406 436 690 754 989 1079 1298 1366
10,111 191 728 942 1004 1162 1193 1423
1,28 394 720 1004 1052 1202 1259 1347
0,341 1185 1200 1297
3,251 439 455 818 923 1141 1431
0,125 395 449 566 867 1284 1443
7,111 172 334 367 379 600 797 1084 1142 1155 1268 1331
1,366 466 516 717 761 1026
15,604 636 699 761 907 999 1080 1130 1289
5,212 364 835 1116 1237 1313 1422
17,29 350 452 494 852 1248
18,432 639
6,61 297 304 1187 1311 1365 1431
18,766 936 1027 1304
12,87 663 799 961 1058 1301
9,48 85 466 602 770 800 806 1004 1221 1227
18,17 28 667 1013 1312
15,125 257 263 425 788 920 1130 1151 1248 1424
12,13 431 520 668 724 761 762 1241 1410
8,801 1289
17,13 94 159 164 166 195 242 248 639 727 885 1145 1245 1402
12,75 87 757 1420 1442
3,15 54 61 414 755 958 1014 1116 1353 1431
1,404 553 607 685 872 1103 1309
17,156 621 1268
3,422 1241
10,104 309 702 873 981 1079 1240
1,362 546 568 769 904 907 1013 1154 1194
3,47 270 341 373 418 1013 1248 1252 1412 1433
18,233 899 1137
6,388 668 839 1382 1390
10,314 554 589 1318
11,69 190 309 340 431 451 468 677 720 931 1146
1,136 257 305 406 996 1017 1119 1130 1154 1200 1201 1250 1394
17,94 366 837 1026 1195
15,263 328 538 651 903 1130
18,1204
8,761 859 962 1226 1240 1355
15,639 761 1078 1126 1231 1240 1394
19,76 108 297 601 644 675 687 810 860 1067 1127 1435
3,516 529 621 895 1013 1034 1218 1419
2,171 201 411 436 547 621 751 824 1298 1352 1382 1419
19,176 576 870 1053 1210
9,49 213 569 634 958 1121 1238 1267 1413 1424
12,371 558 562 573 796 826 901 1147 1440
10,164 170 684 757 786 1110
0,13 263 406 474 636 853 1295
12,154 282 310 467 544 724 762 931 1183
17,200 573 1077
9,26 491 618 684 685 703 824 953 1126
0,48 401 624 899 1185 1306
10,17 191 343 525 771 851 883 1213
7,171 706 824 1314 1394
2,297 382 443 630 632 667 1036 1079 1154 1186
0,337 351 383 1334
13,507 536 540 743 1035 1051 1301 1431 1445
15,93 163 594 822 996 1079 1218
16,229 339 740 742 1057 1125 1284 1321
8,97 540 665 749 930
8,143 144 454 540 568 963 982 1061 1096
8,40 169 292 310 853 1232 1413
7,71 308 621 761 858 920 1394 1419 1434 1442
7,156 157 248 255 256 436 988
3,138 848 1039 1232
16,1034 1035 1103 1154 1390
15,377 564 600 761 824 1381 1394
1,95 112 390 417 426 427 438 518 801 979 1188 1394
2,45 734 839 841 1041
2,33 49 129 236 239 573 670 781 828 986 1121 1420 1424
12,83 671 921 942 950 1230 1304 1372 1439 1443
2,159 297 341 342 377 590 751 1111
3,727 761 1349
15,209 209 283 511 634 766 880 996 1130 1173
7,49 52 466 549 590 700 797 856 1159 1402
18,470 761 1053 1289
7,15 125 126 248 255 379 436 473 872 904 940 1320
14,210 230 681 1040 1267
4,255 296 741 789 940 1037 1156 1267
11,61 270 321 496 556 1083 1435
1,171 379 621 1283 1382 1394 1414
4,350 434 469 553 567 714 810 858 1052 1430
19,123 127 222 321 473 564 1138 1237
1,54 61 268 484 533 534 701 766 1025 1240 1276 1379 1431 1436
15,118 163 170 257 406 501 540 567 633 808 1116 1130 1151 1356
12,87 240 310 789 1047 1124 1285 1352
17,52 220
4,27 35 79 275 639 1003 1138 1156 1371
9,6 293 369 377 705 937 1005 1094 1142 1415
1,15 127 326 549 624 914 915 1069 1202
12,615 882 1034 1226 1419
13,336 537 1331 1421
14,192 367 476 679 751 799 854 860 958 1026 1100 1189 1202
10,15 43 56 72 278 473 860 1034 1035 1039 1268 1316 1422
12,508 509
7,52 57 58 250 325 381 757 1195 1311
2,231 249 456 457 803 963 1068 1213 1350
6,1221 1390
2,171 406 473 711 1219
15,824 880 1130 1141 1262
10,1290
1,126 386 461 474 607 636 1047 1062 1072 1211 1216 1256 1309 1309 1379
1,528 854 1255 1270
17,52 301 314 404 513 656 957 1018 1094 1189 1190
15,93 239 263 352 371 377 548 614 985 1003 1130 1168 1195 1251
5,17 54 61 106 611 621 646 654 818 858 1029 1048 1394 1431
3,86 133 176 188 297 1235 1409
17,601 778 820
9,15 135 297 515 574 751 808 838 1065 1230 1231 1415
14,15 28 362 406 409 473 636 1202
1,61 857 904 1048
8,97 118 208 472 733 764 1066 1310 1416 1417 1429
1,306 774 820 860 915 965 1259 1293 1373 1394
17,33 195 471 548 599 971 997 1069 1336 1394
1,246 375 546 1241
5,107 135 201 446 462 514 610 1296
6,853 866 936
5,81 436 488 601 769 893 978 1062 1237
3,15 406 532 680 923 1205 1335 1336 1349
7,61 223 249 354 417 636 825 996 1033 1288 1320 1431
5,15 130 166 684 1199 1210
11,101 507 661 661 767 789 1188 1297
17,60 519 724 762 858 985 1268 1322 1405
1,75 81 94 237 684 1008 1202 1236 1432
12,377 418 583 588 722 1442
4,293 647 664 727 1049
0,1176 1330
8,166 195 931 959 1052 1296
7,130 136 255 362 382 473 511 573 624 868 1034 1062 1398
13,54 117 469 537 784 863 1019
19,29 54 61 79 101 138 537 734 1283 1431
4,27 35 275 639 694 1003 1371 1399
8,166 510 535 761 1226 1318 1427
7,70 171 211 435 450 731 777 1034 1382
8,43 454 611 839 930 1261 1305
0,285 522 612 893 1034 1094 1390
3,52 112 155 285 1034 1140 1182 1411
4,129 637 779 801 1005 1352 1433
1,75 86 801 1189 1360 1379
17,778 1401
17,263 270 404 778 858 879 898 1139 1218 1240
2,436 441 511 604 811 1005 1123 1164 1267 1382
14,19 237 295 540 543 680 787 929 1275 1331
2,655 998 1267 1267 1272 1354
9,168 270 379 406 1000 1355 1377 1379 1415
9,15 239 379 596 623 626 662 964 1000 1349 1394
7,3 80 406 466 753 898 1302
10,587 753 1040 1187 1249 1285
1,3 338 379 668 1214 1380 1422 1425
15,115 230 516 1066 1258
12,11 87 89 663 724 806 961
17,122 658 695 871 978 1034 1139 1143 1189
1,468
9,124 146 189 578 646 805 982 1032 1238 1254 1352
15,406 540 587 636 880 996 1130 1153 1307 1343 1352 1398
6,94 108 203 853 1030 1225
5,107 589 1176
3,88 272 366 593 1013 1026 1167 1437
15,3 136 377 514 564 636 705 761 1130 1142 1144 1311
2,205 378 638 824 1170 1382
1,38 260 276 473 505 608 744 926 984 1013 1203 1293
12,54 61 124 776
1,28 64 112 196 237 466 607 678 855 1010 1202
18,243 254 1046 1202 1203 1204
17,451 513 540 634 1190
17,15 52 209 306 309 549 621 684 758 807 851 918 1154 1272 1283
3,155 237 273 302 692 722 981 1034 1076 1097 1411
18,502 761 881 931 1088
15,660 670 761 1130
8,97 169 190 452 518 683 737 930 1052
19,61 69 213 273 448 564 750 1431
7,171 766 772 880 1130 1142 1195 1341
7,15 377 529 621 624 761 852 1079 1163 1264
1,15 255 341 535 546 1259 1347 1363
8,143 426 612 827 900 921 930 1061 1318
15,263 517 1394
9,10 171 546 872 1382 1415
17,222 371 651 739 886 1081 1133 1317
3,973
5,13 15 233 294 761 848 903
12,291 766 1035 1117 1171
15,263 818 926 996 1056 1151
10,287
18,6 473 534 607 724 816 830 1355 1404
1,546 718 904
9,52 164 171 621 709 933 1200 1382 1413
3,25 166 509 761 937 989 1122 1160 1340 1352 1415
2,59 134 231 457 766 932 1047 1122 1213 1296 1357 1358 1422
4,1022 1401
18,608 720 896 1052
6,164 223 328 390 635 664 813 857 963 1081 1291
6,68 151 278 302 317 627 1036 1233 1390 1428 1431
9,171 380 513 1189 1328 1355 1381 1382 1413
1,255 546 622 946 1170 1379 1384 1394
4,27 35 135 275 578 639 741 769 1003 1156 1371
6,68 151 302 365 591 738 1003 1422
10,18 61 270 719 724 846 979 1210 1311 1431
10,20 79 99 139 539
9,154 219 261 473
2,15 43 52 459 538 822 996
15,255 459 524 524 822 1003 1415
12,371 496 519 798 1226
12,1227
14,39 149 230 567 592 761 801 872 1292 1410
10,79 175 217 350 523 858 1047 1397
15,61 857 1048 1391
16,318 486 543 578 912 1096 1103 1390 1401 1441
19,1 61 103 214 297 392 495 675 687 896 1127 1223 1248 1431 1443
15,406 827 828 881 1119 1130 1209
9,513 1415
7,459 492 604 699 851 894 998 1005 1009 1234 1420 1424
9,53 189 473 767 805 945 1123 1254 1415
19,61 126 509 513 831 1112 1189 1431
1,15 114 122 354 546 608 1013 1123 1205 1248 1384
4,102 446 647 912 1022
15,2 26 257 425 548 880 1056 1130 1151
5,33 336 365 387 758 789 893 908 1097 1427 1431
10,104 120 170 212 309 522 602 721 1123 1335 1431
16,440 586 765 1126 1352 1385
17,61 341 683 1039 1318 1431
11,20 300 313 537 738 1378 1389
0,686 899
2,187 290 341 457 636 807 933 1314 1318
14,198 230 426 582 702 1067
12,174 785 785 785 961 1311
7,8 344 381 410 624 761 934 1079 1389 1409
1,164 237 533 860 1296
14,857 978
3,423 516 749 801 834 921 949 1008 1162
11,300 537 738 1378
15,138 349 519 613 750 766 880 1130 1218 1325
7,122 256 578 758 820 832 1034 1280 1283
1,15 16 877 1068 1363
8,452 798 942 943 1133 1261 1418
13,54 537 668 985 1019 1060
15,163 165 212 276 441 571 727 745 814 1207
15,511 612 881 1066 1083 1130 1133 1152 1216 1408
0,345 383 577 621 624 813 875 1024 1095 1154
4,61 1047
12,176 657 714 860
0,59 177 386 395 526 909 1006 1273
12,506 518 704 959 1133
7,65 157 256 324 377 434 436 564 1005 1079
9,535 564 803 891 1123 1164 1230 1267 1298 1353 1357 1359 1379 1415
15,20 79 82 122 479 614 1062
10,170 495 671 1010 1140 1218 1335 1379
2,49 159 239 272 514 743 751 824 824 1101
17,15 152 255 433 473 852 948 1338
17,21 175 418 457 662 728 766 1038 1213 1228 1431
9,93 188 294 459 621 822 1092 1195 1371 1415
11,126 214 269 478 742 1047 1050 1272 1301
9,43 427 432 467 770 887 1004 1013 1136 1163 1221 1267 1414 1415
17,61 487 945 1333 1431
0,341 351
0,173 265 571 624 635 978 992 1033 1033 1095 1161 1323
18,222 259 288 922 1386
9,53 327 429 553 597 628 866 1013 1122 1232 1415
0,15 386 521 535 624 1260
15,133 213 518 519 724 761 881 1105 1394
1,898
2,204 727 806 934 1357
5,107 115 269 445
1,237 474 684 860 965 1058 1119 1199 1299 1311
15,724 1130 1229 1355
15,3 136 377 514 564 636 705 761 1130 1142 1144 1191 1311
10,79 181 313 405 548 713 810 862 887 1228 1391 1405 1428
14,145 502 622 708 934 940 1080 1422
1,41 148 281 513 535 546 608 621 846 929 1045 1112 1190 1203
1,17 535 540 547 608 636 777 792 881 1000 1012 1030 1064
9,15 46 74 274 761 856 858 900 980 981 1001 1268 1409
3,121 349 537 613 668 734 1202 1218
11,85 310 406 677 894 1195 1204 1422
9,176 367 466 675 1047 1258 1267 1268 1301 1413 1432
18,128 247 896 966 1032 1204 1232
1,310 327 473 540 607 636 1109
8,166 649 969 1125 1263
19,310 486 738 1420
4,255 296 741 789 940 1037 1267 1420
17,52 67 94 130 225 415 519 621 948 1145 1268 1382
19,9 460 540 603 668 1188 1289 1301 1347
15,20 163 397 406 540 937 1194 1272 1394 1414
7,127 152 728 963 1240 1380 1419
3,53 243 244 285 398 467 629 723 723 766 1419 1434
0,164 401 573 621 624 753 758 814 1149 1181 1423
8,54 61 143 518 978 1128 1246 1431
0,79 81 111 192 272 511 931 985 1361
0,361 382 493 1120 1177
5,377 1273
2,18 130 160 171 605 937
12,1 61 310 607 873 1112 1278 1311 1331 1386 1402 1431
7,145 164 283 298 358 933 1013 1122
3,639 834 989 1202 1237 1297 1415 1419
15,136 418 596 680 1314
9,15 119 241 267 473 513 533 601 607 1013 1140 1189 1415
15,806 824
5,120 271 357 546 669 806 1012 1195 1252
16,317 959 978 1033 1174 1311
16,128
15,406 519 596 624 636
18,18 79 513 608 817 830 1154 1189 1443
15,4 124 178 226 548 627 744 862 918 1066 1092 1124 1130
17,2 15 326 542 599 621 803 1075 1079 1194
9,680 1370 1413
9,193 1004 1185
11,76 300 566 985 1378
3,14 929 964 1252 1255
11,300 448 653 1177 1378
0,734 808 841 970 1074 1297 1317
5,1289
15,22 406 636 755 793 880 1130 1186 1363
15,130 132 136 255 699 713 913 1000 1079 1130 1158 1191 1398
3,186 270 309 406 853 879 887 897 1352 1412
9,513 857 1049 1189 1345 1415
9,57 828 858 865 1318 1427
7,94 172 347 360 380 406 502 560 561 706 758 872 977 1122 1252
10,903 931
9,50 806 1379 1392 1415
8,252 477 766 859 882 961 1147 1226
6,68 151 176 252 390 493 512 537 758 855 1354
9,40 234 467 553 770 1013 1312 1413
0,132 459 495 571 776 1148 1389
2,61 328 466 722 751 756 1159 1160 1422
2,61 205 618 790 857 886 1161 1200 1339 1401 1431
17,52 352 377 564 569 624 851 1010 1016 1047 1050 1424 1430
3,37 294 486 540 1112 1162
1,136 513 535 654 743 761 1122 1190 1195 1237 1276
7,93 253 306 475 822 1005 1185 1425
9,203 213 372 466 771 799 822 1360 1425
10,120 126 156 191 475 489 883 929 1136 1161 1430
17,553 743 857 1368
7,92 530 596 621 674 902 1076 1077 1092 1245
15,183 194 425 548 985 1168 1200 1318 1333
18,3 321 325 435 493 896 1298 1421
4,473 489 664 927 1430
9,81 149 492 540 712 770 805 824 998 1001 1267 1331 1336
15,110 911 917 1149 1150 1266 1394
3,112 239 399 473 488 624 851 1026 1190
17,93 312 475 587 653 665 822 970 1422 1423 1424
17,60 280 473 722 764 872 940
7,126 127 482 526 535 565 601 743 824 855 1000 1004 1005 1177 1330 1434
5,50 106 115 808 910 949 1040 1064
19,69 116 161 675 780 966 1305 1431
1,513 533 989 1189
12,473 617 1083 1226
18,922 1016
11,293 436 437 637 853 900 935 1215 1311 1318 1427
0,203 359 931 963 1244
15,54 61 397 493 668 711 845 908 1031 1108 1127 1130 1219 1431
15,33 130 132 236 900 1197
12,124 172 339 577 621 724 762 931 1354 1394
2,8 255 272 315 316 325 367 690 754 756 803 932 1151 1316 1434
17,92 540 666 734 1311
3,32 56 98 135 228 376 620 627 642 795
12,54 87 495 663 665 796 804 961 1431
1,15 94 325 548 899 1203 1394
2,51 121 163 411 535 872 940 1231
0,36 361 587 641 806 813 1004 1260
15,163 201 309 705 761 911 917 1150 1162 1164 1173 1394
12,391 555 1413
0,179 351 566 573 631 655 848 1004 1088
2,456 756 1193
14,18 54 61 350 595 828 893 1431
2,15 352 353 379 564 568 761 900 939 1267 1401
5,65 106 318 916 933 1399
15,1065 1130 1229
10,170 278 470 477 1237
12,87 124 396 663 743 933 961 1240 1279
15,21 766 880 1079 1148 1307 1408
2,49 406 436 437 680 925 931 986 1078 1185 1218
6,108 311 317 540 743 758 857 894 978 981 1071
5,106 257 540 645 716 729 937 1130
5,213 235 340 393 509 727 836 1086 1248 1431
3,30 62 281 311 535 553 570 624 697 979 1047 1240 1296 1438
15,677 1130 1229 1267
15,132 360 742 766 880 1130 1173 1234
2,59 88 94 206 302 549 636 724 751 978 989
6,91 548 667 761 978 1296 1390
2,204 455 488 621 722 751 851 1063 1240
5,43 217 364 377 381 436 835 902 935
15,406 605 751 755 793 880 1130 1186 1357 1363
12,33 52 248 761 1026 1130 1196 1220 1308 1422
3,50 52 79 1123 1300 1414 1414
11,528 738 982 1240
18,104 238 270 624 675 1016 1080 1154 1224 1376
0,573 646 725 969 1026
14,115 132 237 326 343 540 783 824 1141 1185 1275
5,221 364 671 835 1034 1224 1238
4,255 296 578 789 940 1037 1156 1267
0,61 136 227 449 569 657 676 726 1011 1104 1431 1445
10,148 175 377 439 655 707 1218
12,304 521 583 584 587 776 889 1124 1217 1316 1413 1418
10,170 540 749 894
1,134 546 1422
2,270 751 821 1031 1129 1267 1379 1422
9,310 406 565 579 774 797 1079 1415
15,329 673 678 1038 1114 1130 1382 1399
19,126 540 925 1140
15,257 425 501 861 881 1153 1379
9,367 491 1191 1414
8,7 59 85 194 222 519 551 585 743 962 1383
0,371 791 931 934 1139 1151 1196 1350
15,108 406 459 705 959 1302 1325
15,596 751 789 821 1151 1394
1,1245 1309 1312 1435
10,81 157 437 540 601 1169 1298
2,172 292 437 677 1080 1298 1422
8,6 472 764 978 1224 1417 1418 1431
0,167 227 561 734 1311
17,3 335 400 558 639 1081 1281
10,156 263 430 639 746 761 808 854 1153 1394
0,65 342 361 384 401 447 1024 1035 1074 1083 1181 1317
14,18 75 270 466 853 913 937 1028 1068 1267
16,108 321 646 760 917 1028
9,307 325 717 805 978 1011 1246
3,50 228 363 430 601 869 931 1312 1321 1366 1412 1430
14,39 170 209 230 409 555 592 681 1292 1410
0,45 303 337 540 1004 1289 1306 1423
3,152 237 312 539 561 724 762 804 807 1241 1418
8,18 331 518 688 823 1304 1305 1443
0,166 207 401 573 1181 1198 1443
7,155 285 812 838 839 972 974 993 1005 1013 1141 1170 1370
16,782 820 848 849 874 928 1351 1420
5,309 589 835 931 1130 1196 1394
18,79 312 392 594 817 1137
10,118 164 311 379 391 470 556 582 1394
11,103 216 564 667 937 1047 1240 1331 1347
8,79 97 139 169 292 587 766 1022 1399 1428 1434
12,450 715 729 747 761 840 1034 1047 1094 1102 1217 1308 1419
12,172 279 339 636 724 762 1223
1,56 163 164 473 502 547 608 682 736 1013 1015
17,301 513 656 855 957 1018 1190
17,163 257 406 540 803 1394
3,239 722 723 1227 1239 1379 1438
15,13 183 225 578 670 742 761 1130 1154
1,267 498 499 598
13,54 117 537 572 1019 1420
18,126 520 573 1111 1121 1204 1401
8,310 331
9,380 551 621 1413 1415
9,219 327 406 540 548 573 623 761 872 978 1025 1190 1413 1415 1436
13,350 553 644 665 1034 1383
1,51 124 276 546 565 715 718 955 1063 1112 1122 1283 1311 1426
16,13 91 648 758 761 927 1215 1252 1281 1353 1390
7,11 13 88 171 239 248 456 546 824 1267 1292 1382
12,463 621 1307
3,265 332 680 680 684 740 834 838 1162 1177 1199 1411 1412
2,122 253 276 297 369 465 565 624 667 1425
3,15 428 473 497 761 989 1044 1154 1202 1243 1379
3,62 914 1004 1195 1424
10,540 575 749 1042 1312 1403
12,81 83 578 583 666 1042 1311
9,190 304 473 662 698 1415
1,43 78 406 872 1035 1154 1176 1194 1366 1367
5,171 311 312 357 720 725 761 897 1094 1102 1207 1311 1312 1406
5,17 121 364 387 483 591 601 789 806 893 1235 1273
9,112 119 498 564 1195
15,1289
15,406 518 807 1130 1153 1173
1,30 37 38 204 238 411 499 504 533 591 945 1136 1326
19,103 311 426 431 621 912 978 1050 1074
9,3 111 524
15,136 501 878 1013 1079 1115 1131 1154 1178
3,15 85 124 192 193 237 285 730 1013 1314 1414
9,334 379 1142 1413
7,152 171 371 406 459 643 728 940 1123 1192 1206 1380
14,138 230 278 476 679 977 1296 1297 1423
1,13 247 444 470 473 546 616 721 748
0,145 406 658 745 913 1068 1311 1336
2,354 843 953 954 986 1141 1245
12,7 15 61 87 302 463 533 684 916 1154 1419 1431
2,132 180 306 459 822 986 1154
16,13 592 743 761 1154 1410
2,187 825 1052 1233 1262
10,170 235 436 778 996 1076
15,137 183 199 578 667 727 742 881 1102 1130
13,200 214 272 350 447 651 661 1364 1430 1431
17,210 837 856 1012 1218 1337 1374 1375
7,141 518 776 1003 1004 1194 1200 1267 1370
4,27 35 275 639 741 1003 1178 1371
9,15 458 801 1021 1123 1415 1419
9,379 427 466 513 706 1189 1200 1208 1415
14,165 209 230 259 293 559 1267
12,309 381 588 830
3,138 466 742 770 1124 1252 1353
12,23 61 761 1134 1239 1301 1356 1431 1433 1439
5,659 1034 1211 1282 1348 1431
1,94 171 380 406 505 876 904 919 1060 1187 1253 1262 1319 1332 1380 1381
10,120 156 255 405 420
15,136 267 406 590 751 856 1000 1094 1130 1151 1386 1395
16,13 229 406 743 761
16,128 561 928 955 1301
15,377 564 600 793 1144
14,124 801 925 979 1062 1069 1336
1,156 399 546 553 636 714 994 1013
9,110 353 1013 1267 1415
1,111 114 152 172 402 435 545 546 643 728 1089 1160 1252 1353 1380
8,52 61 143 208 331 549 733 859 925 961 1045 1403 1429 1431
15,156 201 406 519 881 960 996 1252 1314 1394
10,175 532 540 568 573 734 758 846 900 1034 1311 1331 1428
10,175 639 1110 1158 1223 1391
4,9 31 54 61 102 227 664 931 1386 1431
15,270 761 766 879 926 1151 1247 1383 1394
1,81 111 152 171 245 338 540 546 643 777 1228 1419
15,459 753 1394
0,548 561 761 768 853 1083
10,163 406 808 880 1054 1130 1213 1249
15,126 136 163 176 696 841 1130 1213 1269
8,336 495 540 660 804 925 960 1066 1278 1416 1436
7,477 540 567 715 737 797 867 1194
19,537 576
2,294 381 1115 1173 1230 1314 1379
10,553 801 978 1047 1154 1159 1397
3,15 271 302 375 535 724 754 1013 1056 1195 1298
2,52 434 535 621 684 933 1034 1122 1415 1422
9,7 15 710 938 1122 1160 1414 1415
17,13 220 626 1028
1,355 380 513 879 1084 1190 1250 1262 1381
5,61 164 482 504 910 1106 1418 1431
12,14 54 61 521 766 814 1392 1410 1431
9,491 1413
12,722 768 950 1120 1136 1240
17,52 306 355 518 546 586 621 624 703 754 761 1078 1394
2,51 163 411 535 540 722 749 872 940 1222 1252 1280
14,43 237 347 473 678 688 762 978 1013 1202 1419
10,3 155 182 379 481 589 627 884 993 1034 1036 1097 1181 1208
6,88 91 229 259 424 917 993 1034 1390
12,13 535 621 665 1042 1291 1307
11,574 661 720 731 745 978 1317 1347
9,678 761 837 940 1252 1415
6,3 11 258 507 601 978 1029 1130 1389
12,140 519 540 884
5,603 1289
18,363 505 922
15,248 606 724 761 853 931 1096 1394
1,455 473
15,501 1287
14,13 54 254 544 601 677 761 1047 1145 1431
17,465 917 1211
8,158 483 1290
7,67 171 546 786 824 1277 1362 1381
1,95 112 274 426 438 518 801 979 1162 1168 1188
3,88 239 407 546 1286 1287
15,63 148 266 406 621 636 722 816 855 1142 1267 1394
9,189 350 483 568 1103 1254
7,15 346 624 636 819 963 1383
11,184 218 350 553 667 1405
7,114 171 455 546 621 684 833 855 947 1034 1357 1359
3,88 272 366 593 1013 1026 1167 1437
17,180 509 722 872 897 978 1083
15,257 540 596 802 926 1144 1173 1336 1424
12,54 61 82 87 89 582 675 785 1145 1435
2,225 429 767
8,34 144 406 609 859 978 1016 1138 1224 1352 1444
3,52 442 613 717 783 897 1004 1020 1071 1419
0,15 167 535 624 656 1327 1336
9,80 352 367 502 564 628 815 866 1103 1379 1419 1431
0,5 410 523 535 610 1041 1111 1258 1282 1422
0,383 473 624 743 1011 1024 1080 1432
1,111 111 354 355 564 607 608 766 810 1005 1253 1336
15,493 908 1108 1130
1,88 152 171 172 276 933 1041 1382 1415
10,111 329 330 557 606 646 708 1038 1265
2,94 264 310 480 801 882 956 981 1070 1385
7,159 256 441 524 621 759 824 824 1004 1267
15,54 55 258 282 294 425 548 723 887 1216 1237 1308 1405
1,15 375 413 722 773 1338
0,345 621 875 1044 1068
13,537 574 643 769 1019
11,690 1207 1240 1352 1409
1,79 118 241 267 550 1034 1066 1101
1,15 171 254 379 513 573 761 857 1161 1189 1380 1419
2,49 72 152 334 377 379 499 1047 1115 1142 1222 1432
17,335 415 595 732 742 758 771 820 1119 1151 1206 1394
10,263 406 618 763 934 1343
1,100 247 306 406 565 572 581 641 724 1088 1195
